2026-10-01T00:28:13.246+03:00  INFO 19656 --- [multi-tenant-user-management-api] [SpringApplicationShutdownHook] j.LocalContainerEntityManagerFactoryBean : Closing JPA EntityManagerFactory for persistence unit 'default'
2026-10-01T00:28:13.299+03:00  INFO 19656 --- [multi-tenant-user-management-api] [SpringApplicationShutdownHook] com.zaxxer.hikari.HikariDataSource       : HikariPool-1 - Shutdown initiated...
2026-10-01T00:28:13.347+03:00  INFO 19656 --- [multi-tenant-user-management-api] [SpringApplicationShutdownHook] com.zaxxer.hikari.HikariDataSource       : HikariPool-1 - Shutdown completed.
2026-10-01T00:28:24.635+03:00  INFO 7908 --- [multi-tenant-user-management-api] [main] .MultiTenantUserManagementApiApplication : Starting MultiTenantUserManagementApiApplication using Java 17.0.12 with PID 7908 (C:\Users\jafeth\Downloads\multi-tenant-user-management-api\multi-tenant-user-management-api\target\classes started by jafeth in C:\Users\jafeth\Downloads\multi-tenant-user-management-api\multi-tenant-user-management-api)
2026-10-01T00:28:24.641+03:00  INFO 7908 --- [multi-tenant-user-management-api] [main] .MultiTenantUserManagementApiApplication : The following 1 profile is active: "postgres"
2026-10-01T00:28:28.948+03:00  INFO 7908 --- [multi-tenant-user-management-api] [main] .s.d.r.c.RepositoryConfigurationDelegate : Bootstrapping Spring Data JPA repositories in DEFAULT mode.
2026-10-01T00:28:29.470+03:00  INFO 7908 --- [multi-tenant-user-management-api] [main] .s.d.r.c.RepositoryConfigurationDelegate : Finished Spring Data repository scanning in 464 ms. Found 3 JPA repository interfaces.
2026-10-01T00:28:33.244+03:00  INFO 7908 --- [multi-tenant-user-management-api] [main] o.s.b.w.embedded.tomcat.TomcatWebServer  : Tomcat initialized with port 8081 (http)
2026-10-01T00:28:33.301+03:00  INFO 7908 --- [multi-tenant-user-management-api] [main] o.apache.catalina.core.StandardService   : Starting service [Tomcat]
2026-10-01T00:28:33.303+03:00  INFO 7908 --- [multi-tenant-user-management-api] [main] o.apache.catalina.core.StandardEngine    : Starting Servlet engine: [Apache Tomcat/10.1.28]
2026-10-01T00:28:33.600+03:00  INFO 7908 --- [multi-tenant-user-management-api] [main] o.a.c.c.C.[Tomcat].[localhost].[/]       : Initializing Spring embedded WebApplicationContext
2026-10-01T00:28:33.601+03:00  INFO 7908 --- [multi-tenant-user-management-api] [main] w.s.c.ServletWebServerApplicationContext : Root WebApplicationContext: initialization completed in 8789 ms
2026-10-01T00:28:34.577+03:00  INFO 7908 --- [multi-tenant-user-management-api] [main] o.hibernate.jpa.internal.util.LogHelper  : HHH000204: Processing PersistenceUnitInfo [name: default]
2026-10-01T00:28:35.030+03:00  INFO 7908 --- [multi-tenant-user-management-api] [main] org.hibernate.Version                    : HHH000412: Hibernate ORM core version 6.5.2.Final
2026-10-01T00:28:35.278+03:00  INFO 7908 --- [multi-tenant-user-management-api] [main] o.h.c.internal.RegionFactoryInitiator    : HHH000026: Second-level cache disabled
2026-10-01T00:28:36.909+03:00  INFO 7908 --- [multi-tenant-user-management-api] [main] o.s.o.j.p.SpringPersistenceUnitInfo      : No LoadTimeWeaver setup: ignoring JPA class transformer
2026-10-01T00:28:37.114+03:00  INFO 7908 --- [multi-tenant-user-management-api] [main] com.zaxxer.hikari.HikariDataSource       : HikariPool-1 - Starting...
2026-10-01T00:28:37.915+03:00  INFO 7908 --- [multi-tenant-user-management-api] [main] com.zaxxer.hikari.pool.HikariPool        : HikariPool-1 - Added connection org.postgresql.jdbc.PgConnection@445058e8
2026-10-01T00:28:37.922+03:00  INFO 7908 --- [multi-tenant-user-management-api] [main] com.zaxxer.hikari.HikariDataSource       : HikariPool-1 - Start completed.
2026-10-01T00:28:38.024+03:00  WARN 7908 --- [multi-tenant-user-management-api] [main] org.hibernate.orm.deprecation            : HHH90000025: PostgreSQLDialect does not need to be specified explicitly using 'hibernate.dialect' (remove the property setting and it will be selected by default)
2026-10-01T00:28:44.311+03:00  INFO 7908 --- [multi-tenant-user-management-api] [main] o.h.e.t.j.p.i.JtaPlatformInitiator       : HHH000489: No JTA platform available (set 'hibernate.transaction.jta.platform' to enable JTA platform integration)
2026-10-01T00:28:44.553+03:00 DEBUG 7908 --- [multi-tenant-user-management-api] [main] org.hibernate.SQL                        : 
    alter table if exists audit_logs 
       alter column user_agent set data type TEXT
2026-10-01T00:28:44.561+03:00 DEBUG 7908 --- [multi-tenant-user-management-api] [main] org.hibernate.SQL                        : 
    alter table if exists permissions 
       alter column description set data type TEXT
2026-10-01T00:28:44.564+03:00 DEBUG 7908 --- [multi-tenant-user-management-api] [main] org.hibernate.SQL                        : 
    alter table if exists roles 
       alter column description set data type TEXT
2026-10-01T00:28:44.568+03:00 DEBUG 7908 --- [multi-tenant-user-management-api] [main] org.hibernate.SQL                        : 
    alter table if exists users 
       add column requires_password_change boolean not null
2026-10-01T00:28:44.617+03:00  WARN 7908 --- [multi-tenant-user-management-api] [main] o.h.t.s.i.ExceptionHandlerLoggedImpl     : GenerationTarget encountered exception accepting command : Error executing DDL "
    alter table if exists users 
       add column requires_password_change boolean not null" via JDBC [ERROR: column "requires_password_change" of relation "users" contains null values]

org.hibernate.tool.schema.spi.CommandAcceptanceException: Error executing DDL "
    alter table if exists users 
       add column requires_password_change boolean not null" via JDBC [ERROR: column "requires_password_change" of relation "users" contains null values]
	at org.hibernate.tool.schema.internal.exec.GenerationTargetToDatabase.accept(GenerationTargetToDatabase.java:94) ~[hibernate-core-6.5.2.Final.jar:6.5.2.Final]
	at org.hibernate.tool.schema.internal.AbstractSchemaMigrator.applySqlString(AbstractSchemaMigrator.java:575) ~[hibernate-core-6.5.2.Final.jar:6.5.2.Final]
	at org.hibernate.tool.schema.internal.AbstractSchemaMigrator.applySqlStrings(AbstractSchemaMigrator.java:515) ~[hibernate-core-6.5.2.Final.jar:6.5.2.Final]
	at org.hibernate.tool.schema.internal.AbstractSchemaMigrator.migrateTable(AbstractSchemaMigrator.java:333) ~[hibernate-core-6.5.2.Final.jar:6.5.2.Final]
	at org.hibernate.tool.schema.internal.GroupedSchemaMigratorImpl.performTablesMigration(GroupedSchemaMigratorImpl.java:84) ~[hibernate-core-6.5.2.Final.jar:6.5.2.Final]
	at org.hibernate.tool.schema.internal.AbstractSchemaMigrator.performMigration(AbstractSchemaMigrator.java:232) ~[hibernate-core-6.5.2.Final.jar:6.5.2.Final]
	at org.hibernate.tool.schema.internal.AbstractSchemaMigrator.doMigration(AbstractSchemaMigrator.java:117) ~[hibernate-core-6.5.2.Final.jar:6.5.2.Final]
	at org.hibernate.tool.schema.spi.SchemaManagementToolCoordinator.performDatabaseAction(SchemaManagementToolCoordinator.java:280) ~[hibernate-core-6.5.2.Final.jar:6.5.2.Final]
	at org.hibernate.tool.schema.spi.SchemaManagementToolCoordinator.lambda$process$5(SchemaManagementToolCoordinator.java:144) ~[hibernate-core-6.5.2.Final.jar:6.5.2.Final]
	at java.base/java.util.HashMap.forEach(HashMap.java:1421) ~[na:na]
	at org.hibernate.tool.schema.spi.SchemaManagementToolCoordinator.process(SchemaManagementToolCoordinator.java:141) ~[hibernate-core-6.5.2.Final.jar:6.5.2.Final]
	at org.hibernate.boot.internal.SessionFactoryObserverForSchemaExport.sessionFactoryCreated(SessionFactoryObserverForSchemaExport.java:37) ~[hibernate-core-6.5.2.Final.jar:6.5.2.Final]
	at org.hibernate.internal.SessionFactoryObserverChain.sessionFactoryCreated(SessionFactoryObserverChain.java:35) ~[hibernate-core-6.5.2.Final.jar:6.5.2.Final]
	at org.hibernate.internal.SessionFactoryImpl.<init>(SessionFactoryImpl.java:322) ~[hibernate-core-6.5.2.Final.jar:6.5.2.Final]
	at org.hibernate.boot.internal.SessionFactoryBuilderImpl.build(SessionFactoryBuilderImpl.java:457) ~[hibernate-core-6.5.2.Final.jar:6.5.2.Final]
	at org.hibernate.jpa.boot.internal.EntityManagerFactoryBuilderImpl.build(EntityManagerFactoryBuilderImpl.java:1506) ~[hibernate-core-6.5.2.Final.jar:6.5.2.Final]
	at org.springframework.orm.jpa.vendor.SpringHibernateJpaPersistenceProvider.createContainerEntityManagerFactory(SpringHibernateJpaPersistenceProvider.java:75) ~[spring-orm-6.1.12.jar:6.1.12]
	at org.springframework.orm.jpa.LocalContainerEntityManagerFactoryBean.createNativeEntityManagerFactory(LocalContainerEntityManagerFactoryBean.java:390) ~[spring-orm-6.1.12.jar:6.1.12]
	at org.springframework.orm.jpa.AbstractEntityManagerFactoryBean.buildNativeEntityManagerFactory(AbstractEntityManagerFactoryBean.java:409) ~[spring-orm-6.1.12.jar:6.1.12]
	at org.springframework.orm.jpa.AbstractEntityManagerFactoryBean.afterPropertiesSet(AbstractEntityManagerFactoryBean.java:396) ~[spring-orm-6.1.12.jar:6.1.12]
	at org.springframework.orm.jpa.LocalContainerEntityManagerFactoryBean.afterPropertiesSet(LocalContainerEntityManagerFactoryBean.java:366) ~[spring-orm-6.1.12.jar:6.1.12]
	at org.springframework.beans.factory.support.AbstractAutowireCapableBeanFactory.invokeInitMethods(AbstractAutowireCapableBeanFactory.java:1853) ~[spring-beans-6.1.12.jar:6.1.12]
	at org.springframework.beans.factory.support.AbstractAutowireCapableBeanFactory.initializeBean(AbstractAutowireCapableBeanFactory.java:1802) ~[spring-beans-6.1.12.jar:6.1.12]
	at org.springframework.beans.factory.support.AbstractAutowireCapableBeanFactory.doCreateBean(AbstractAutowireCapableBeanFactory.java:600) ~[spring-beans-6.1.12.jar:6.1.12]
	at org.springframework.beans.factory.support.AbstractAutowireCapableBeanFactory.createBean(AbstractAutowireCapableBeanFactory.java:522) ~[spring-beans-6.1.12.jar:6.1.12]
	at org.springframework.beans.factory.support.AbstractBeanFactory.lambda$doGetBean$0(AbstractBeanFactory.java:337) ~[spring-beans-6.1.12.jar:6.1.12]
	at org.springframework.beans.factory.support.DefaultSingletonBeanRegistry.getSingleton(DefaultSingletonBeanRegistry.java:234) ~[spring-beans-6.1.12.jar:6.1.12]
	at org.springframework.beans.factory.support.AbstractBeanFactory.doGetBean(AbstractBeanFactory.java:335) ~[spring-beans-6.1.12.jar:6.1.12]
	at org.springframework.beans.factory.support.AbstractBeanFactory.getBean(AbstractBeanFactory.java:205) ~[spring-beans-6.1.12.jar:6.1.12]
	at org.springframework.context.support.AbstractApplicationContext.finishBeanFactoryInitialization(AbstractApplicationContext.java:954) ~[spring-context-6.1.12.jar:6.1.12]
	at org.springframework.context.support.AbstractApplicationContext.refresh(AbstractApplicationContext.java:625) ~[spring-context-6.1.12.jar:6.1.12]
	at org.springframework.boot.web.servlet.context.ServletWebServerApplicationContext.refresh(ServletWebServerApplicationContext.java:146) ~[spring-boot-3.3.3.jar:3.3.3]
	at org.springframework.boot.SpringApplication.refresh(SpringApplication.java:754) ~[spring-boot-3.3.3.jar:3.3.3]
	at org.springframework.boot.SpringApplication.refreshContext(SpringApplication.java:456) ~[spring-boot-3.3.3.jar:3.3.3]
	at org.springframework.boot.SpringApplication.run(SpringApplication.java:335) ~[spring-boot-3.3.3.jar:3.3.3]
	at org.springframework.boot.SpringApplication.run(SpringApplication.java:1363) ~[spring-boot-3.3.3.jar:3.3.3]
	at org.springframework.boot.SpringApplication.run(SpringApplication.java:1352) ~[spring-boot-3.3.3.jar:3.3.3]
	at com.example.usermanagement.MultiTenantUserManagementApiApplication.main(MultiTenantUserManagementApiApplication.java:13) ~[classes/:na]
Caused by: org.postgresql.util.PSQLException: ERROR: column "requires_password_change" of relation "users" contains null values
	at org.postgresql.core.v3.QueryExecutorImpl.receiveErrorResponse(QueryExecutorImpl.java:2725) ~[postgresql-42.7.3.jar:42.7.3]
	at org.postgresql.core.v3.QueryExecutorImpl.processResults(QueryExecutorImpl.java:2412) ~[postgresql-42.7.3.jar:42.7.3]
	at org.postgresql.core.v3.QueryExecutorImpl.execute(QueryExecutorImpl.java:371) ~[postgresql-42.7.3.jar:42.7.3]
	at org.postgresql.jdbc.PgStatement.executeInternal(PgStatement.java:502) ~[postgresql-42.7.3.jar:42.7.3]
	at org.postgresql.jdbc.PgStatement.execute(PgStatement.java:419) ~[postgresql-42.7.3.jar:42.7.3]
	at org.postgresql.jdbc.PgStatement.executeWithFlags(PgStatement.java:341) ~[postgresql-42.7.3.jar:42.7.3]
	at org.postgresql.jdbc.PgStatement.executeCachedSql(PgStatement.java:326) ~[postgresql-42.7.3.jar:42.7.3]
	at org.postgresql.jdbc.PgStatement.executeWithFlags(PgStatement.java:302) ~[postgresql-42.7.3.jar:42.7.3]
	at org.postgresql.jdbc.PgStatement.execute(PgStatement.java:297) ~[postgresql-42.7.3.jar:42.7.3]
	at com.zaxxer.hikari.pool.ProxyStatement.execute(ProxyStatement.java:94) ~[HikariCP-5.1.0.jar:na]
	at com.zaxxer.hikari.pool.HikariProxyStatement.execute(HikariProxyStatement.java) ~[HikariCP-5.1.0.jar:na]
	at org.hibernate.tool.schema.internal.exec.GenerationTargetToDatabase.accept(GenerationTargetToDatabase.java:80) ~[hibernate-core-6.5.2.Final.jar:6.5.2.Final]
	... 37 common frames omitted

2026-10-01T00:28:44.787+03:00  INFO 7908 --- [multi-tenant-user-management-api] [main] j.LocalContainerEntityManagerFactoryBean : Initialized JPA EntityManagerFactory for persistence unit 'default'
2026-10-01T00:28:51.024+03:00  WARN 7908 --- [multi-tenant-user-management-api] [main] JpaBaseConfiguration$JpaWebConfiguration : spring.jpa.open-in-view is enabled by default. Therefore, database queries may be performed during view rendering. Explicitly configure spring.jpa.open-in-view to disable this warning
2026-10-01T00:28:55.104+03:00  WARN 7908 --- [multi-tenant-user-management-api] [main] .s.s.UserDetailsServiceAutoConfiguration : 

Using generated security password: e7d89e85-f605-4413-b8a1-294e9569177a

This generated password is for development use only. Your security configuration must be updated before running your application in production.

2026-10-01T00:28:55.150+03:00  INFO 7908 --- [multi-tenant-user-management-api] [main] r$InitializeUserDetailsManagerConfigurer : Global AuthenticationManager configured with UserDetailsService bean with name inMemoryUserDetailsManager
2026-10-01T00:28:56.482+03:00  INFO 7908 --- [multi-tenant-user-management-api] [main] o.s.b.w.embedded.tomcat.TomcatWebServer  : Tomcat started on port 8081 (http) with context path '/'
2026-10-01T00:28:56.592+03:00  INFO 7908 --- [multi-tenant-user-management-api] [main] .MultiTenantUserManagementApiApplication : Started MultiTenantUserManagementApiApplication in 33.889 seconds (process running for 35.381)
2026-10-01T00:37:55.097+03:00  INFO 7908 --- [multi-tenant-user-management-api] [http-nio-8081-exec-1] o.a.c.c.C.[Tomcat].[localhost].[/]       : Initializing Spring DispatcherServlet 'dispatcherServlet'
2026-10-01T00:37:55.099+03:00  INFO 7908 --- [multi-tenant-user-management-api] [http-nio-8081-exec-1] o.s.web.servlet.DispatcherServlet        : Initializing Servlet 'dispatcherServlet'
2026-10-01T00:37:55.102+03:00  INFO 7908 --- [multi-tenant-user-management-api] [http-nio-8081-exec-1] o.s.web.servlet.DispatcherServlet        : Completed initialization in 2 ms
2026-10-01T00:37:55.467+03:00  WARN 7908 --- [multi-tenant-user-management-api] [http-nio-8081-exec-1] o.a.c.util.SessionIdGeneratorBase        : Creation of SecureRandom instance for session ID generation using [SHA1PRNG] took [129] milliseconds.
2026-10-01T01:15:19.645+03:00  INFO 7908 --- [multi-tenant-user-management-api] [SpringApplicationShutdownHook] j.LocalContainerEntityManagerFactoryBean : Closing JPA EntityManagerFactory for persistence unit 'default'
2026-10-01T01:15:19.659+03:00  INFO 7908 --- [multi-tenant-user-management-api] [SpringApplicationShutdownHook] com.zaxxer.hikari.HikariDataSource       : HikariPool-1 - Shutdown initiated...
2026-10-01T01:15:19.698+03:00  INFO 7908 --- [multi-tenant-user-management-api] [SpringApplicationShutdownHook] com.zaxxer.hikari.HikariDataSource       : HikariPool-1 - Shutdown completed.
2026-10-01T01:15:39.215+03:00  INFO 1776 --- [multi-tenant-user-management-api] [main] .MultiTenantUserManagementApiApplication : Starting MultiTenantUserManagementApiApplication using Java 17.0.12 with PID 1776 (C:\Users\jafeth\Downloads\multi-tenant-user-management-api\multi-tenant-user-management-api\target\classes started by jafeth in C:\Users\jafeth\Downloads\multi-tenant-user-management-api\multi-tenant-user-management-api)
2026-10-01T01:15:39.223+03:00  INFO 1776 --- [multi-tenant-user-management-api] [main] .MultiTenantUserManagementApiApplication : The following 1 profile is active: "postgres"
2026-10-01T01:15:44.179+03:00  INFO 1776 --- [multi-tenant-user-management-api] [main] .s.d.r.c.RepositoryConfigurationDelegate : Bootstrapping Spring Data JPA repositories in DEFAULT mode.
2026-10-01T01:15:44.550+03:00  INFO 1776 --- [multi-tenant-user-management-api] [main] .s.d.r.c.RepositoryConfigurationDelegate : Finished Spring Data repository scanning in 324 ms. Found 3 JPA repository interfaces.
2026-10-01T01:15:48.011+03:00  INFO 1776 --- [multi-tenant-user-management-api] [main] o.s.b.w.embedded.tomcat.TomcatWebServer  : Tomcat initialized with port 8081 (http)
2026-10-01T01:15:48.042+03:00  INFO 1776 --- [multi-tenant-user-management-api] [main] o.apache.catalina.core.StandardService   : Starting service [Tomcat]
2026-10-01T01:15:48.044+03:00  INFO 1776 --- [multi-tenant-user-management-api] [main] o.apache.catalina.core.StandardEngine    : Starting Servlet engine: [Apache Tomcat/10.1.28]
2026-10-01T01:15:48.363+03:00  INFO 1776 --- [multi-tenant-user-management-api] [main] o.a.c.c.C.[Tomcat].[localhost].[/]       : Initializing Spring embedded WebApplicationContext
2026-10-01T01:15:48.365+03:00  INFO 1776 --- [multi-tenant-user-management-api] [main] w.s.c.ServletWebServerApplicationContext : Root WebApplicationContext: initialization completed in 8919 ms
2026-10-01T01:15:49.552+03:00  INFO 1776 --- [multi-tenant-user-management-api] [main] o.hibernate.jpa.internal.util.LogHelper  : HHH000204: Processing PersistenceUnitInfo [name: default]
2026-10-01T01:15:49.970+03:00  INFO 1776 --- [multi-tenant-user-management-api] [main] org.hibernate.Version                    : HHH000412: Hibernate ORM core version 6.5.2.Final
2026-10-01T01:15:50.123+03:00  INFO 1776 --- [multi-tenant-user-management-api] [main] o.h.c.internal.RegionFactoryInitiator    : HHH000026: Second-level cache disabled
2026-10-01T01:15:51.595+03:00  INFO 1776 --- [multi-tenant-user-management-api] [main] o.s.o.j.p.SpringPersistenceUnitInfo      : No LoadTimeWeaver setup: ignoring JPA class transformer
2026-10-01T01:15:51.695+03:00  INFO 1776 --- [multi-tenant-user-management-api] [main] com.zaxxer.hikari.HikariDataSource       : HikariPool-1 - Starting...
2026-10-01T01:15:52.455+03:00  INFO 1776 --- [multi-tenant-user-management-api] [main] com.zaxxer.hikari.pool.HikariPool        : HikariPool-1 - Added connection org.postgresql.jdbc.PgConnection@4ab455e2
2026-10-01T01:15:52.460+03:00  INFO 1776 --- [multi-tenant-user-management-api] [main] com.zaxxer.hikari.HikariDataSource       : HikariPool-1 - Start completed.
2026-10-01T01:15:52.580+03:00  WARN 1776 --- [multi-tenant-user-management-api] [main] org.hibernate.orm.deprecation            : HHH90000025: PostgreSQLDialect does not need to be specified explicitly using 'hibernate.dialect' (remove the property setting and it will be selected by default)
2026-10-01T01:15:56.785+03:00  INFO 1776 --- [multi-tenant-user-management-api] [main] o.h.e.t.j.p.i.JtaPlatformInitiator       : HHH000489: No JTA platform available (set 'hibernate.transaction.jta.platform' to enable JTA platform integration)
2026-10-01T01:15:56.955+03:00 DEBUG 1776 --- [multi-tenant-user-management-api] [main] org.hibernate.SQL                        : 
    alter table if exists audit_logs 
       alter column user_agent set data type TEXT
2026-10-01T01:15:57.011+03:00 DEBUG 1776 --- [multi-tenant-user-management-api] [main] org.hibernate.SQL                        : 
    alter table if exists permissions 
       alter column description set data type TEXT
2026-10-01T01:15:57.016+03:00 DEBUG 1776 --- [multi-tenant-user-management-api] [main] org.hibernate.SQL                        : 
    alter table if exists roles 
       alter column description set data type TEXT
2026-10-01T01:15:57.021+03:00 DEBUG 1776 --- [multi-tenant-user-management-api] [main] org.hibernate.SQL                        : 
    alter table if exists users 
       add column requires_password_change boolean not null
2026-10-01T01:15:57.033+03:00  WARN 1776 --- [multi-tenant-user-management-api] [main] o.h.t.s.i.ExceptionHandlerLoggedImpl     : GenerationTarget encountered exception accepting command : Error executing DDL "
    alter table if exists users 
       add column requires_password_change boolean not null" via JDBC [ERROR: column "requires_password_change" of relation "users" contains null values]

org.hibernate.tool.schema.spi.CommandAcceptanceException: Error executing DDL "
    alter table if exists users 
       add column requires_password_change boolean not null" via JDBC [ERROR: column "requires_password_change" of relation "users" contains null values]
	at org.hibernate.tool.schema.internal.exec.GenerationTargetToDatabase.accept(GenerationTargetToDatabase.java:94) ~[hibernate-core-6.5.2.Final.jar:6.5.2.Final]
	at org.hibernate.tool.schema.internal.AbstractSchemaMigrator.applySqlString(AbstractSchemaMigrator.java:575) ~[hibernate-core-6.5.2.Final.jar:6.5.2.Final]
	at org.hibernate.tool.schema.internal.AbstractSchemaMigrator.applySqlStrings(AbstractSchemaMigrator.java:515) ~[hibernate-core-6.5.2.Final.jar:6.5.2.Final]
	at org.hibernate.tool.schema.internal.AbstractSchemaMigrator.migrateTable(AbstractSchemaMigrator.java:333) ~[hibernate-core-6.5.2.Final.jar:6.5.2.Final]
	at org.hibernate.tool.schema.internal.GroupedSchemaMigratorImpl.performTablesMigration(GroupedSchemaMigratorImpl.java:84) ~[hibernate-core-6.5.2.Final.jar:6.5.2.Final]
	at org.hibernate.tool.schema.internal.AbstractSchemaMigrator.performMigration(AbstractSchemaMigrator.java:232) ~[hibernate-core-6.5.2.Final.jar:6.5.2.Final]
	at org.hibernate.tool.schema.internal.AbstractSchemaMigrator.doMigration(AbstractSchemaMigrator.java:117) ~[hibernate-core-6.5.2.Final.jar:6.5.2.Final]
	at org.hibernate.tool.schema.spi.SchemaManagementToolCoordinator.performDatabaseAction(SchemaManagementToolCoordinator.java:280) ~[hibernate-core-6.5.2.Final.jar:6.5.2.Final]
	at org.hibernate.tool.schema.spi.SchemaManagementToolCoordinator.lambda$process$5(SchemaManagementToolCoordinator.java:144) ~[hibernate-core-6.5.2.Final.jar:6.5.2.Final]
	at java.base/java.util.HashMap.forEach(HashMap.java:1421) ~[na:na]
	at org.hibernate.tool.schema.spi.SchemaManagementToolCoordinator.process(SchemaManagementToolCoordinator.java:141) ~[hibernate-core-6.5.2.Final.jar:6.5.2.Final]
	at org.hibernate.boot.internal.SessionFactoryObserverForSchemaExport.sessionFactoryCreated(SessionFactoryObserverForSchemaExport.java:37) ~[hibernate-core-6.5.2.Final.jar:6.5.2.Final]
	at org.hibernate.internal.SessionFactoryObserverChain.sessionFactoryCreated(SessionFactoryObserverChain.java:35) ~[hibernate-core-6.5.2.Final.jar:6.5.2.Final]
	at org.hibernate.internal.SessionFactoryImpl.<init>(SessionFactoryImpl.java:322) ~[hibernate-core-6.5.2.Final.jar:6.5.2.Final]
	at org.hibernate.boot.internal.SessionFactoryBuilderImpl.build(SessionFactoryBuilderImpl.java:457) ~[hibernate-core-6.5.2.Final.jar:6.5.2.Final]
	at org.hibernate.jpa.boot.internal.EntityManagerFactoryBuilderImpl.build(EntityManagerFactoryBuilderImpl.java:1506) ~[hibernate-core-6.5.2.Final.jar:6.5.2.Final]
	at org.springframework.orm.jpa.vendor.SpringHibernateJpaPersistenceProvider.createContainerEntityManagerFactory(SpringHibernateJpaPersistenceProvider.java:75) ~[spring-orm-6.1.12.jar:6.1.12]
	at org.springframework.orm.jpa.LocalContainerEntityManagerFactoryBean.createNativeEntityManagerFactory(LocalContainerEntityManagerFactoryBean.java:390) ~[spring-orm-6.1.12.jar:6.1.12]
	at org.springframework.orm.jpa.AbstractEntityManagerFactoryBean.buildNativeEntityManagerFactory(AbstractEntityManagerFactoryBean.java:409) ~[spring-orm-6.1.12.jar:6.1.12]
	at org.springframework.orm.jpa.AbstractEntityManagerFactoryBean.afterPropertiesSet(AbstractEntityManagerFactoryBean.java:396) ~[spring-orm-6.1.12.jar:6.1.12]
	at org.springframework.orm.jpa.LocalContainerEntityManagerFactoryBean.afterPropertiesSet(LocalContainerEntityManagerFactoryBean.java:366) ~[spring-orm-6.1.12.jar:6.1.12]
	at org.springframework.beans.factory.support.AbstractAutowireCapableBeanFactory.invokeInitMethods(AbstractAutowireCapableBeanFactory.java:1853) ~[spring-beans-6.1.12.jar:6.1.12]
	at org.springframework.beans.factory.support.AbstractAutowireCapableBeanFactory.initializeBean(AbstractAutowireCapableBeanFactory.java:1802) ~[spring-beans-6.1.12.jar:6.1.12]
	at org.springframework.beans.factory.support.AbstractAutowireCapableBeanFactory.doCreateBean(AbstractAutowireCapableBeanFactory.java:600) ~[spring-beans-6.1.12.jar:6.1.12]
	at org.springframework.beans.factory.support.AbstractAutowireCapableBeanFactory.createBean(AbstractAutowireCapableBeanFactory.java:522) ~[spring-beans-6.1.12.jar:6.1.12]
	at org.springframework.beans.factory.support.AbstractBeanFactory.lambda$doGetBean$0(AbstractBeanFactory.java:337) ~[spring-beans-6.1.12.jar:6.1.12]
	at org.springframework.beans.factory.support.DefaultSingletonBeanRegistry.getSingleton(DefaultSingletonBeanRegistry.java:234) ~[spring-beans-6.1.12.jar:6.1.12]
	at org.springframework.beans.factory.support.AbstractBeanFactory.doGetBean(AbstractBeanFactory.java:335) ~[spring-beans-6.1.12.jar:6.1.12]
	at org.springframework.beans.factory.support.AbstractBeanFactory.getBean(AbstractBeanFactory.java:205) ~[spring-beans-6.1.12.jar:6.1.12]
	at org.springframework.context.support.AbstractApplicationContext.finishBeanFactoryInitialization(AbstractApplicationContext.java:954) ~[spring-context-6.1.12.jar:6.1.12]
	at org.springframework.context.support.AbstractApplicationContext.refresh(AbstractApplicationContext.java:625) ~[spring-context-6.1.12.jar:6.1.12]
	at org.springframework.boot.web.servlet.context.ServletWebServerApplicationContext.refresh(ServletWebServerApplicationContext.java:146) ~[spring-boot-3.3.3.jar:3.3.3]
	at org.springframework.boot.SpringApplication.refresh(SpringApplication.java:754) ~[spring-boot-3.3.3.jar:3.3.3]
	at org.springframework.boot.SpringApplication.refreshContext(SpringApplication.java:456) ~[spring-boot-3.3.3.jar:3.3.3]
	at org.springframework.boot.SpringApplication.run(SpringApplication.java:335) ~[spring-boot-3.3.3.jar:3.3.3]
	at org.springframework.boot.SpringApplication.run(SpringApplication.java:1363) ~[spring-boot-3.3.3.jar:3.3.3]
	at org.springframework.boot.SpringApplication.run(SpringApplication.java:1352) ~[spring-boot-3.3.3.jar:3.3.3]
	at com.example.usermanagement.MultiTenantUserManagementApiApplication.main(MultiTenantUserManagementApiApplication.java:13) ~[classes/:na]
Caused by: org.postgresql.util.PSQLException: ERROR: column "requires_password_change" of relation "users" contains null values
	at org.postgresql.core.v3.QueryExecutorImpl.receiveErrorResponse(QueryExecutorImpl.java:2725) ~[postgresql-42.7.3.jar:42.7.3]
	at org.postgresql.core.v3.QueryExecutorImpl.processResults(QueryExecutorImpl.java:2412) ~[postgresql-42.7.3.jar:42.7.3]
	at org.postgresql.core.v3.QueryExecutorImpl.execute(QueryExecutorImpl.java:371) ~[postgresql-42.7.3.jar:42.7.3]
	at org.postgresql.jdbc.PgStatement.executeInternal(PgStatement.java:502) ~[postgresql-42.7.3.jar:42.7.3]
	at org.postgresql.jdbc.PgStatement.execute(PgStatement.java:419) ~[postgresql-42.7.3.jar:42.7.3]
	at org.postgresql.jdbc.PgStatement.executeWithFlags(PgStatement.java:341) ~[postgresql-42.7.3.jar:42.7.3]
	at org.postgresql.jdbc.PgStatement.executeCachedSql(PgStatement.java:326) ~[postgresql-42.7.3.jar:42.7.3]
	at org.postgresql.jdbc.PgStatement.executeWithFlags(PgStatement.java:302) ~[postgresql-42.7.3.jar:42.7.3]
	at org.postgresql.jdbc.PgStatement.execute(PgStatement.java:297) ~[postgresql-42.7.3.jar:42.7.3]
	at com.zaxxer.hikari.pool.ProxyStatement.execute(ProxyStatement.java:94) ~[HikariCP-5.1.0.jar:na]
	at com.zaxxer.hikari.pool.HikariProxyStatement.execute(HikariProxyStatement.java) ~[HikariCP-5.1.0.jar:na]
	at org.hibernate.tool.schema.internal.exec.GenerationTargetToDatabase.accept(GenerationTargetToDatabase.java:80) ~[hibernate-core-6.5.2.Final.jar:6.5.2.Final]
	... 37 common frames omitted

2026-10-01T01:15:57.197+03:00  INFO 1776 --- [multi-tenant-user-management-api] [main] j.LocalContainerEntityManagerFactoryBean : Initialized JPA EntityManagerFactory for persistence unit 'default'
2026-10-01T01:16:00.298+03:00  WARN 1776 --- [multi-tenant-user-management-api] [main] JpaBaseConfiguration$JpaWebConfiguration : spring.jpa.open-in-view is enabled by default. Therefore, database queries may be performed during view rendering. Explicitly configure spring.jpa.open-in-view to disable this warning
2026-10-01T01:16:00.674+03:00  WARN 1776 --- [multi-tenant-user-management-api] [main] .s.s.UserDetailsServiceAutoConfiguration : 

Using generated security password: 4636ebfc-5521-4a3a-8ffb-3929936d599b

This generated password is for development use only. Your security configuration must be updated before running your application in production.

2026-10-01T01:16:00.709+03:00  INFO 1776 --- [multi-tenant-user-management-api] [main] r$InitializeUserDetailsManagerConfigurer : Global AuthenticationManager configured with UserDetailsService bean with name inMemoryUserDetailsManager
2026-10-01T01:16:04.486+03:00  INFO 1776 --- [multi-tenant-user-management-api] [main] o.s.b.w.embedded.tomcat.TomcatWebServer  : Tomcat started on port 8081 (http) with context path '/'
2026-10-01T01:16:04.557+03:00  INFO 1776 --- [multi-tenant-user-management-api] [main] .MultiTenantUserManagementApiApplication : Started MultiTenantUserManagementApiApplication in 27.877 seconds (process running for 31.919)
2026-10-01T01:18:18.599+03:00  INFO 1776 --- [multi-tenant-user-management-api] [SpringApplicationShutdownHook] j.LocalContainerEntityManagerFactoryBean : Closing JPA EntityManagerFactory for persistence unit 'default'
2026-10-01T01:18:18.604+03:00  INFO 1776 --- [multi-tenant-user-management-api] [SpringApplicationShutdownHook] com.zaxxer.hikari.HikariDataSource       : HikariPool-1 - Shutdown initiated...
2026-10-01T01:18:18.630+03:00  INFO 1776 --- [multi-tenant-user-management-api] [SpringApplicationShutdownHook] com.zaxxer.hikari.HikariDataSource       : HikariPool-1 - Shutdown completed.
2026-10-01T01:18:31.803+03:00  INFO 13808 --- [multi-tenant-user-management-api] [main] .MultiTenantUserManagementApiApplication : Starting MultiTenantUserManagementApiApplication using Java 17.0.12 with PID 13808 (C:\Users\jafeth\Downloads\multi-tenant-user-management-api\multi-tenant-user-management-api\target\classes started by jafeth in C:\Users\jafeth\Downloads\multi-tenant-user-management-api\multi-tenant-user-management-api)
2026-10-01T01:18:31.809+03:00  INFO 13808 --- [multi-tenant-user-management-api] [main] .MultiTenantUserManagementApiApplication : The following 1 profile is active: "postgres"
2026-10-01T01:18:35.215+03:00  INFO 13808 --- [multi-tenant-user-management-api] [main] .s.d.r.c.RepositoryConfigurationDelegate : Bootstrapping Spring Data JPA repositories in DEFAULT mode.
2026-10-01T01:18:35.437+03:00  INFO 13808 --- [multi-tenant-user-management-api] [main] .s.d.r.c.RepositoryConfigurationDelegate : Finished Spring Data repository scanning in 198 ms. Found 3 JPA repository interfaces.
2026-10-01T01:18:37.639+03:00  INFO 13808 --- [multi-tenant-user-management-api] [main] o.s.b.w.embedded.tomcat.TomcatWebServer  : Tomcat initialized with port 8081 (http)
2026-10-01T01:18:37.671+03:00  INFO 13808 --- [multi-tenant-user-management-api] [main] o.apache.catalina.core.StandardService   : Starting service [Tomcat]
2026-10-01T01:18:37.671+03:00  INFO 13808 --- [multi-tenant-user-management-api] [main] o.apache.catalina.core.StandardEngine    : Starting Servlet engine: [Apache Tomcat/10.1.28]
2026-10-01T01:18:37.867+03:00  INFO 13808 --- [multi-tenant-user-management-api] [main] o.a.c.c.C.[Tomcat].[localhost].[/]       : Initializing Spring embedded WebApplicationContext
2026-10-01T01:18:37.870+03:00  INFO 13808 --- [multi-tenant-user-management-api] [main] w.s.c.ServletWebServerApplicationContext : Root WebApplicationContext: initialization completed in 5865 ms
2026-10-01T01:18:38.424+03:00  INFO 13808 --- [multi-tenant-user-management-api] [main] o.hibernate.jpa.internal.util.LogHelper  : HHH000204: Processing PersistenceUnitInfo [name: default]
2026-10-01T01:18:38.606+03:00  INFO 13808 --- [multi-tenant-user-management-api] [main] org.hibernate.Version                    : HHH000412: Hibernate ORM core version 6.5.2.Final
2026-10-01T01:18:38.720+03:00  INFO 13808 --- [multi-tenant-user-management-api] [main] o.h.c.internal.RegionFactoryInitiator    : HHH000026: Second-level cache disabled
2026-10-01T01:18:40.078+03:00  INFO 13808 --- [multi-tenant-user-management-api] [main] o.s.o.j.p.SpringPersistenceUnitInfo      : No LoadTimeWeaver setup: ignoring JPA class transformer
2026-10-01T01:18:40.208+03:00  INFO 13808 --- [multi-tenant-user-management-api] [main] com.zaxxer.hikari.HikariDataSource       : HikariPool-1 - Starting...
2026-10-01T01:18:40.856+03:00  INFO 13808 --- [multi-tenant-user-management-api] [main] com.zaxxer.hikari.pool.HikariPool        : HikariPool-1 - Added connection org.postgresql.jdbc.PgConnection@7ac685ef
2026-10-01T01:18:40.864+03:00  INFO 13808 --- [multi-tenant-user-management-api] [main] com.zaxxer.hikari.HikariDataSource       : HikariPool-1 - Start completed.
2026-10-01T01:18:40.945+03:00  WARN 13808 --- [multi-tenant-user-management-api] [main] org.hibernate.orm.deprecation            : HHH90000025: PostgreSQLDialect does not need to be specified explicitly using 'hibernate.dialect' (remove the property setting and it will be selected by default)
2026-10-01T01:18:44.845+03:00  INFO 13808 --- [multi-tenant-user-management-api] [main] o.h.e.t.j.p.i.JtaPlatformInitiator       : HHH000489: No JTA platform available (set 'hibernate.transaction.jta.platform' to enable JTA platform integration)
2026-10-01T01:18:45.132+03:00 DEBUG 13808 --- [multi-tenant-user-management-api] [main] org.hibernate.SQL                        : 
    alter table if exists audit_logs 
       alter column user_agent set data type TEXT
2026-10-01T01:18:45.144+03:00 DEBUG 13808 --- [multi-tenant-user-management-api] [main] org.hibernate.SQL                        : 
    alter table if exists permissions 
       alter column description set data type TEXT
2026-10-01T01:18:45.146+03:00 DEBUG 13808 --- [multi-tenant-user-management-api] [main] org.hibernate.SQL                        : 
    alter table if exists roles 
       alter column description set data type TEXT
2026-10-01T01:18:45.153+03:00 DEBUG 13808 --- [multi-tenant-user-management-api] [main] org.hibernate.SQL                        : 
    alter table if exists users 
       add column requires_password_change boolean not null
2026-10-01T01:18:45.160+03:00  WARN 13808 --- [multi-tenant-user-management-api] [main] o.h.t.s.i.ExceptionHandlerLoggedImpl     : GenerationTarget encountered exception accepting command : Error executing DDL "
    alter table if exists users 
       add column requires_password_change boolean not null" via JDBC [ERROR: column "requires_password_change" of relation "users" contains null values]

org.hibernate.tool.schema.spi.CommandAcceptanceException: Error executing DDL "
    alter table if exists users 
       add column requires_password_change boolean not null" via JDBC [ERROR: column "requires_password_change" of relation "users" contains null values]
	at org.hibernate.tool.schema.internal.exec.GenerationTargetToDatabase.accept(GenerationTargetToDatabase.java:94) ~[hibernate-core-6.5.2.Final.jar:6.5.2.Final]
	at org.hibernate.tool.schema.internal.AbstractSchemaMigrator.applySqlString(AbstractSchemaMigrator.java:575) ~[hibernate-core-6.5.2.Final.jar:6.5.2.Final]
	at org.hibernate.tool.schema.internal.AbstractSchemaMigrator.applySqlStrings(AbstractSchemaMigrator.java:515) ~[hibernate-core-6.5.2.Final.jar:6.5.2.Final]
	at org.hibernate.tool.schema.internal.AbstractSchemaMigrator.migrateTable(AbstractSchemaMigrator.java:333) ~[hibernate-core-6.5.2.Final.jar:6.5.2.Final]
	at org.hibernate.tool.schema.internal.GroupedSchemaMigratorImpl.performTablesMigration(GroupedSchemaMigratorImpl.java:84) ~[hibernate-core-6.5.2.Final.jar:6.5.2.Final]
	at org.hibernate.tool.schema.internal.AbstractSchemaMigrator.performMigration(AbstractSchemaMigrator.java:232) ~[hibernate-core-6.5.2.Final.jar:6.5.2.Final]
	at org.hibernate.tool.schema.internal.AbstractSchemaMigrator.doMigration(AbstractSchemaMigrator.java:117) ~[hibernate-core-6.5.2.Final.jar:6.5.2.Final]
	at org.hibernate.tool.schema.spi.SchemaManagementToolCoordinator.performDatabaseAction(SchemaManagementToolCoordinator.java:280) ~[hibernate-core-6.5.2.Final.jar:6.5.2.Final]
	at org.hibernate.tool.schema.spi.SchemaManagementToolCoordinator.lambda$process$5(SchemaManagementToolCoordinator.java:144) ~[hibernate-core-6.5.2.Final.jar:6.5.2.Final]
	at java.base/java.util.HashMap.forEach(HashMap.java:1421) ~[na:na]
	at org.hibernate.tool.schema.spi.SchemaManagementToolCoordinator.process(SchemaManagementToolCoordinator.java:141) ~[hibernate-core-6.5.2.Final.jar:6.5.2.Final]
	at org.hibernate.boot.internal.SessionFactoryObserverForSchemaExport.sessionFactoryCreated(SessionFactoryObserverForSchemaExport.java:37) ~[hibernate-core-6.5.2.Final.jar:6.5.2.Final]
	at org.hibernate.internal.SessionFactoryObserverChain.sessionFactoryCreated(SessionFactoryObserverChain.java:35) ~[hibernate-core-6.5.2.Final.jar:6.5.2.Final]
	at org.hibernate.internal.SessionFactoryImpl.<init>(SessionFactoryImpl.java:322) ~[hibernate-core-6.5.2.Final.jar:6.5.2.Final]
	at org.hibernate.boot.internal.SessionFactoryBuilderImpl.build(SessionFactoryBuilderImpl.java:457) ~[hibernate-core-6.5.2.Final.jar:6.5.2.Final]
	at org.hibernate.jpa.boot.internal.EntityManagerFactoryBuilderImpl.build(EntityManagerFactoryBuilderImpl.java:1506) ~[hibernate-core-6.5.2.Final.jar:6.5.2.Final]
	at org.springframework.orm.jpa.vendor.SpringHibernateJpaPersistenceProvider.createContainerEntityManagerFactory(SpringHibernateJpaPersistenceProvider.java:75) ~[spring-orm-6.1.12.jar:6.1.12]
	at org.springframework.orm.jpa.LocalContainerEntityManagerFactoryBean.createNativeEntityManagerFactory(LocalContainerEntityManagerFactoryBean.java:390) ~[spring-orm-6.1.12.jar:6.1.12]
	at org.springframework.orm.jpa.AbstractEntityManagerFactoryBean.buildNativeEntityManagerFactory(AbstractEntityManagerFactoryBean.java:409) ~[spring-orm-6.1.12.jar:6.1.12]
	at org.springframework.orm.jpa.AbstractEntityManagerFactoryBean.afterPropertiesSet(AbstractEntityManagerFactoryBean.java:396) ~[spring-orm-6.1.12.jar:6.1.12]
	at org.springframework.orm.jpa.LocalContainerEntityManagerFactoryBean.afterPropertiesSet(LocalContainerEntityManagerFactoryBean.java:366) ~[spring-orm-6.1.12.jar:6.1.12]
	at org.springframework.beans.factory.support.AbstractAutowireCapableBeanFactory.invokeInitMethods(AbstractAutowireCapableBeanFactory.java:1853) ~[spring-beans-6.1.12.jar:6.1.12]
	at org.springframework.beans.factory.support.AbstractAutowireCapableBeanFactory.initializeBean(AbstractAutowireCapableBeanFactory.java:1802) ~[spring-beans-6.1.12.jar:6.1.12]
	at org.springframework.beans.factory.support.AbstractAutowireCapableBeanFactory.doCreateBean(AbstractAutowireCapableBeanFactory.java:600) ~[spring-beans-6.1.12.jar:6.1.12]
	at org.springframework.beans.factory.support.AbstractAutowireCapableBeanFactory.createBean(AbstractAutowireCapableBeanFactory.java:522) ~[spring-beans-6.1.12.jar:6.1.12]
	at org.springframework.beans.factory.support.AbstractBeanFactory.lambda$doGetBean$0(AbstractBeanFactory.java:337) ~[spring-beans-6.1.12.jar:6.1.12]
	at org.springframework.beans.factory.support.DefaultSingletonBeanRegistry.getSingleton(DefaultSingletonBeanRegistry.java:234) ~[spring-beans-6.1.12.jar:6.1.12]
	at org.springframework.beans.factory.support.AbstractBeanFactory.doGetBean(AbstractBeanFactory.java:335) ~[spring-beans-6.1.12.jar:6.1.12]
	at org.springframework.beans.factory.support.AbstractBeanFactory.getBean(AbstractBeanFactory.java:205) ~[spring-beans-6.1.12.jar:6.1.12]
	at org.springframework.context.support.AbstractApplicationContext.finishBeanFactoryInitialization(AbstractApplicationContext.java:954) ~[spring-context-6.1.12.jar:6.1.12]
	at org.springframework.context.support.AbstractApplicationContext.refresh(AbstractApplicationContext.java:625) ~[spring-context-6.1.12.jar:6.1.12]
	at org.springframework.boot.web.servlet.context.ServletWebServerApplicationContext.refresh(ServletWebServerApplicationContext.java:146) ~[spring-boot-3.3.3.jar:3.3.3]
	at org.springframework.boot.SpringApplication.refresh(SpringApplication.java:754) ~[spring-boot-3.3.3.jar:3.3.3]
	at org.springframework.boot.SpringApplication.refreshContext(SpringApplication.java:456) ~[spring-boot-3.3.3.jar:3.3.3]
	at org.springframework.boot.SpringApplication.run(SpringApplication.java:335) ~[spring-boot-3.3.3.jar:3.3.3]
	at org.springframework.boot.SpringApplication.run(SpringApplication.java:1363) ~[spring-boot-3.3.3.jar:3.3.3]
	at org.springframework.boot.SpringApplication.run(SpringApplication.java:1352) ~[spring-boot-3.3.3.jar:3.3.3]
	at com.example.usermanagement.MultiTenantUserManagementApiApplication.main(MultiTenantUserManagementApiApplication.java:13) ~[classes/:na]
Caused by: org.postgresql.util.PSQLException: ERROR: column "requires_password_change" of relation "users" contains null values
	at org.postgresql.core.v3.QueryExecutorImpl.receiveErrorResponse(QueryExecutorImpl.java:2725) ~[postgresql-42.7.3.jar:42.7.3]
	at org.postgresql.core.v3.QueryExecutorImpl.processResults(QueryExecutorImpl.java:2412) ~[postgresql-42.7.3.jar:42.7.3]
	at org.postgresql.core.v3.QueryExecutorImpl.execute(QueryExecutorImpl.java:371) ~[postgresql-42.7.3.jar:42.7.3]
	at org.postgresql.jdbc.PgStatement.executeInternal(PgStatement.java:502) ~[postgresql-42.7.3.jar:42.7.3]
	at org.postgresql.jdbc.PgStatement.execute(PgStatement.java:419) ~[postgresql-42.7.3.jar:42.7.3]
	at org.postgresql.jdbc.PgStatement.executeWithFlags(PgStatement.java:341) ~[postgresql-42.7.3.jar:42.7.3]
	at org.postgresql.jdbc.PgStatement.executeCachedSql(PgStatement.java:326) ~[postgresql-42.7.3.jar:42.7.3]
	at org.postgresql.jdbc.PgStatement.executeWithFlags(PgStatement.java:302) ~[postgresql-42.7.3.jar:42.7.3]
	at org.postgresql.jdbc.PgStatement.execute(PgStatement.java:297) ~[postgresql-42.7.3.jar:42.7.3]
	at com.zaxxer.hikari.pool.ProxyStatement.execute(ProxyStatement.java:94) ~[HikariCP-5.1.0.jar:na]
	at com.zaxxer.hikari.pool.HikariProxyStatement.execute(HikariProxyStatement.java) ~[HikariCP-5.1.0.jar:na]
	at org.hibernate.tool.schema.internal.exec.GenerationTargetToDatabase.accept(GenerationTargetToDatabase.java:80) ~[hibernate-core-6.5.2.Final.jar:6.5.2.Final]
	... 37 common frames omitted

2026-10-01T01:18:45.319+03:00  INFO 13808 --- [multi-tenant-user-management-api] [main] j.LocalContainerEntityManagerFactoryBean : Initialized JPA EntityManagerFactory for persistence unit 'default'
2026-10-01T01:18:48.754+03:00  WARN 13808 --- [multi-tenant-user-management-api] [main] JpaBaseConfiguration$JpaWebConfiguration : spring.jpa.open-in-view is enabled by default. Therefore, database queries may be performed during view rendering. Explicitly configure spring.jpa.open-in-view to disable this warning
2026-10-01T01:18:48.806+03:00  WARN 13808 --- [multi-tenant-user-management-api] [main] .s.s.UserDetailsServiceAutoConfiguration : 

Using generated security password: a9154479-caff-49cc-8e5b-593cc102a6de

This generated password is for development use only. Your security configuration must be updated before running your application in production.

2026-10-01T01:18:48.827+03:00  INFO 13808 --- [multi-tenant-user-management-api] [main] r$InitializeUserDetailsManagerConfigurer : Global AuthenticationManager configured with UserDetailsService bean with name inMemoryUserDetailsManager
2026-10-01T01:18:52.541+03:00  INFO 13808 --- [multi-tenant-user-management-api] [main] o.s.b.w.embedded.tomcat.TomcatWebServer  : Tomcat started on port 8081 (http) with context path '/'
2026-10-01T01:18:52.580+03:00  INFO 13808 --- [multi-tenant-user-management-api] [main] .MultiTenantUserManagementApiApplication : Started MultiTenantUserManagementApiApplication in 23.1 seconds (process running for 24.585)
2026-10-01T01:19:16.541+03:00  INFO 13808 --- [multi-tenant-user-management-api] [http-nio-8081-exec-1] o.a.c.c.C.[Tomcat].[localhost].[/]       : Initializing Spring DispatcherServlet 'dispatcherServlet'
2026-10-01T01:19:16.542+03:00  INFO 13808 --- [multi-tenant-user-management-api] [http-nio-8081-exec-1] o.s.web.servlet.DispatcherServlet        : Initializing Servlet 'dispatcherServlet'
2026-10-01T01:19:16.545+03:00  INFO 13808 --- [multi-tenant-user-management-api] [http-nio-8081-exec-1] o.s.web.servlet.DispatcherServlet        : Completed initialization in 3 ms
2026-10-01T01:19:17.814+03:00 DEBUG 13808 --- [multi-tenant-user-management-api] [http-nio-8081-exec-1] org.hibernate.SQL                        : 
    select
        o1_0.id,
        o1_0.created_at,
        o1_0.department,
        o1_0.email,
        o1_0.logo_url,
        o1_0.name,
        o1_0.phone_number,
        o1_0.shortcode 
    from
        organisations o1_0 
    where
        o1_0.shortcode is null
2026-10-01T01:19:17.905+03:00 ERROR 13808 --- [multi-tenant-user-management-api] [http-nio-8081-exec-1] o.a.c.c.C.[.[.[/].[dispatcherServlet]    : Servlet.service() for servlet [dispatcherServlet] in context with path [] threw exception [Request processing failed: org.springframework.dao.DataIntegrityViolationException: not-null property references a null or transient value : com.example.usermanagement.entity.Organisation.department] with root cause

org.hibernate.PropertyValueException: not-null property references a null or transient value : com.example.usermanagement.entity.Organisation.department
	at org.hibernate.engine.internal.Nullability.checkNullability(Nullability.java:109) ~[hibernate-core-6.5.2.Final.jar:6.5.2.Final]
	at org.hibernate.engine.internal.Nullability.checkNullability(Nullability.java:54) ~[hibernate-core-6.5.2.Final.jar:6.5.2.Final]
	at org.hibernate.action.internal.AbstractEntityInsertAction.nullifyTransientReferencesIfNotAlready(AbstractEntityInsertAction.java:124) ~[hibernate-core-6.5.2.Final.jar:6.5.2.Final]
	at org.hibernate.action.internal.AbstractEntityInsertAction.makeEntityManaged(AbstractEntityInsertAction.java:133) ~[hibernate-core-6.5.2.Final.jar:6.5.2.Final]
	at org.hibernate.engine.spi.ActionQueue.addResolvedEntityInsertAction(ActionQueue.java:299) ~[hibernate-core-6.5.2.Final.jar:6.5.2.Final]
	at org.hibernate.engine.spi.ActionQueue.addInsertAction(ActionQueue.java:272) ~[hibernate-core-6.5.2.Final.jar:6.5.2.Final]
	at org.hibernate.engine.spi.ActionQueue.addAction(ActionQueue.java:259) ~[hibernate-core-6.5.2.Final.jar:6.5.2.Final]
	at org.hibernate.event.internal.AbstractSaveEventListener.addInsertAction(AbstractSaveEventListener.java:404) ~[hibernate-core-6.5.2.Final.jar:6.5.2.Final]
	at org.hibernate.event.internal.AbstractSaveEventListener.performSaveOrReplicate(AbstractSaveEventListener.java:305) ~[hibernate-core-6.5.2.Final.jar:6.5.2.Final]
	at org.hibernate.event.internal.AbstractSaveEventListener.performSave(AbstractSaveEventListener.java:224) ~[hibernate-core-6.5.2.Final.jar:6.5.2.Final]
	at org.hibernate.event.internal.AbstractSaveEventListener.saveWithGeneratedId(AbstractSaveEventListener.java:137) ~[hibernate-core-6.5.2.Final.jar:6.5.2.Final]
	at org.hibernate.event.internal.DefaultPersistEventListener.entityIsTransient(DefaultPersistEventListener.java:175) ~[hibernate-core-6.5.2.Final.jar:6.5.2.Final]
	at org.hibernate.event.internal.DefaultPersistEventListener.persist(DefaultPersistEventListener.java:93) ~[hibernate-core-6.5.2.Final.jar:6.5.2.Final]
	at org.hibernate.event.internal.DefaultPersistEventListener.onPersist(DefaultPersistEventListener.java:77) ~[hibernate-core-6.5.2.Final.jar:6.5.2.Final]
	at org.hibernate.event.internal.DefaultPersistEventListener.onPersist(DefaultPersistEventListener.java:54) ~[hibernate-core-6.5.2.Final.jar:6.5.2.Final]
	at org.hibernate.event.service.internal.EventListenerGroupImpl.fireEventOnEachListener(EventListenerGroupImpl.java:127) ~[hibernate-core-6.5.2.Final.jar:6.5.2.Final]
	at org.hibernate.internal.SessionImpl.firePersist(SessionImpl.java:757) ~[hibernate-core-6.5.2.Final.jar:6.5.2.Final]
	at org.hibernate.internal.SessionImpl.persist(SessionImpl.java:741) ~[hibernate-core-6.5.2.Final.jar:6.5.2.Final]
	at java.base/jdk.internal.reflect.NativeMethodAccessorImpl.invoke0(Native Method) ~[na:na]
	at java.base/jdk.internal.reflect.NativeMethodAccessorImpl.invoke(NativeMethodAccessorImpl.java:77) ~[na:na]
	at java.base/jdk.internal.reflect.DelegatingMethodAccessorImpl.invoke(DelegatingMethodAccessorImpl.java:43) ~[na:na]
	at java.base/java.lang.reflect.Method.invoke(Method.java:568) ~[na:na]
	at org.springframework.orm.jpa.ExtendedEntityManagerCreator$ExtendedEntityManagerInvocationHandler.invoke(ExtendedEntityManagerCreator.java:364) ~[spring-orm-6.1.12.jar:6.1.12]
	at jdk.proxy2/jdk.proxy2.$Proxy136.persist(Unknown Source) ~[na:na]
	at java.base/jdk.internal.reflect.NativeMethodAccessorImpl.invoke0(Native Method) ~[na:na]
	at java.base/jdk.internal.reflect.NativeMethodAccessorImpl.invoke(NativeMethodAccessorImpl.java:77) ~[na:na]
	at java.base/jdk.internal.reflect.DelegatingMethodAccessorImpl.invoke(DelegatingMethodAccessorImpl.java:43) ~[na:na]
	at java.base/java.lang.reflect.Method.invoke(Method.java:568) ~[na:na]
	at org.springframework.orm.jpa.SharedEntityManagerCreator$SharedEntityManagerInvocationHandler.invoke(SharedEntityManagerCreator.java:319) ~[spring-orm-6.1.12.jar:6.1.12]
	at jdk.proxy2/jdk.proxy2.$Proxy136.persist(Unknown Source) ~[na:na]
	at org.springframework.data.jpa.repository.support.SimpleJpaRepository.save(SimpleJpaRepository.java:625) ~[spring-data-jpa-3.3.3.jar:3.3.3]
	at java.base/jdk.internal.reflect.NativeMethodAccessorImpl.invoke0(Native Method) ~[na:na]
	at java.base/jdk.internal.reflect.NativeMethodAccessorImpl.invoke(NativeMethodAccessorImpl.java:77) ~[na:na]
	at java.base/jdk.internal.reflect.DelegatingMethodAccessorImpl.invoke(DelegatingMethodAccessorImpl.java:43) ~[na:na]
	at java.base/java.lang.reflect.Method.invoke(Method.java:568) ~[na:na]
	at org.springframework.aop.support.AopUtils.invokeJoinpointUsingReflection(AopUtils.java:355) ~[spring-aop-6.1.12.jar:6.1.12]
	at org.springframework.data.repository.core.support.RepositoryMethodInvoker$RepositoryFragmentMethodInvoker.lambda$new$0(RepositoryMethodInvoker.java:277) ~[spring-data-commons-3.3.3.jar:3.3.3]
	at org.springframework.data.repository.core.support.RepositoryMethodInvoker.doInvoke(RepositoryMethodInvoker.java:170) ~[spring-data-commons-3.3.3.jar:3.3.3]
	at org.springframework.data.repository.core.support.RepositoryMethodInvoker.invoke(RepositoryMethodInvoker.java:158) ~[spring-data-commons-3.3.3.jar:3.3.3]
	at org.springframework.data.repository.core.support.RepositoryComposition$RepositoryFragments.invoke(RepositoryComposition.java:516) ~[spring-data-commons-3.3.3.jar:3.3.3]
	at org.springframework.data.repository.core.support.RepositoryComposition.invoke(RepositoryComposition.java:285) ~[spring-data-commons-3.3.3.jar:3.3.3]
	at org.springframework.data.repository.core.support.RepositoryFactorySupport$ImplementationMethodExecutionInterceptor.invoke(RepositoryFactorySupport.java:628) ~[spring-data-commons-3.3.3.jar:3.3.3]
	at org.springframework.aop.framework.ReflectiveMethodInvocation.proceed(ReflectiveMethodInvocation.java:184) ~[spring-aop-6.1.12.jar:6.1.12]
	at org.springframework.data.repository.core.support.QueryExecutorMethodInterceptor.doInvoke(QueryExecutorMethodInterceptor.java:173) ~[spring-data-commons-3.3.3.jar:3.3.3]
	at org.springframework.data.repository.core.support.QueryExecutorMethodInterceptor.invoke(QueryExecutorMethodInterceptor.java:148) ~[spring-data-commons-3.3.3.jar:3.3.3]
	at org.springframework.aop.framework.ReflectiveMethodInvocation.proceed(ReflectiveMethodInvocation.java:184) ~[spring-aop-6.1.12.jar:6.1.12]
	at org.springframework.data.projection.DefaultMethodInvokingMethodInterceptor.invoke(DefaultMethodInvokingMethodInterceptor.java:70) ~[spring-data-commons-3.3.3.jar:3.3.3]
	at org.springframework.aop.framework.ReflectiveMethodInvocation.proceed(ReflectiveMethodInvocation.java:184) ~[spring-aop-6.1.12.jar:6.1.12]
	at org.springframework.transaction.interceptor.TransactionAspectSupport.invokeWithinTransaction(TransactionAspectSupport.java:379) ~[spring-tx-6.1.12.jar:6.1.12]
	at org.springframework.transaction.interceptor.TransactionInterceptor.invoke(TransactionInterceptor.java:119) ~[spring-tx-6.1.12.jar:6.1.12]
	at org.springframework.aop.framework.ReflectiveMethodInvocation.proceed(ReflectiveMethodInvocation.java:184) ~[spring-aop-6.1.12.jar:6.1.12]
	at org.springframework.dao.support.PersistenceExceptionTranslationInterceptor.invoke(PersistenceExceptionTranslationInterceptor.java:138) ~[spring-tx-6.1.12.jar:6.1.12]
	at org.springframework.aop.framework.ReflectiveMethodInvocation.proceed(ReflectiveMethodInvocation.java:184) ~[spring-aop-6.1.12.jar:6.1.12]
	at org.springframework.data.jpa.repository.support.CrudMethodMetadataPostProcessor$CrudMethodMetadataPopulatingMethodInterceptor.invoke(CrudMethodMetadataPostProcessor.java:165) ~[spring-data-jpa-3.3.3.jar:3.3.3]
	at org.springframework.aop.framework.ReflectiveMethodInvocation.proceed(ReflectiveMethodInvocation.java:184) ~[spring-aop-6.1.12.jar:6.1.12]
	at org.springframework.aop.interceptor.ExposeInvocationInterceptor.invoke(ExposeInvocationInterceptor.java:97) ~[spring-aop-6.1.12.jar:6.1.12]
	at org.springframework.aop.framework.ReflectiveMethodInvocation.proceed(ReflectiveMethodInvocation.java:184) ~[spring-aop-6.1.12.jar:6.1.12]
	at org.springframework.aop.framework.JdkDynamicAopProxy.invoke(JdkDynamicAopProxy.java:223) ~[spring-aop-6.1.12.jar:6.1.12]
	at jdk.proxy2/jdk.proxy2.$Proxy140.save(Unknown Source) ~[na:na]
	at com.example.usermanagement.service.OrganisationService.createOrganisation(OrganisationService.java:61) ~[classes/:na]
	at java.base/jdk.internal.reflect.NativeMethodAccessorImpl.invoke0(Native Method) ~[na:na]
	at java.base/jdk.internal.reflect.NativeMethodAccessorImpl.invoke(NativeMethodAccessorImpl.java:77) ~[na:na]
	at java.base/jdk.internal.reflect.DelegatingMethodAccessorImpl.invoke(DelegatingMethodAccessorImpl.java:43) ~[na:na]
	at java.base/java.lang.reflect.Method.invoke(Method.java:568) ~[na:na]
	at org.springframework.aop.support.AopUtils.invokeJoinpointUsingReflection(AopUtils.java:355) ~[spring-aop-6.1.12.jar:6.1.12]
	at org.springframework.aop.framework.ReflectiveMethodInvocation.invokeJoinpoint(ReflectiveMethodInvocation.java:196) ~[spring-aop-6.1.12.jar:6.1.12]
	at org.springframework.aop.framework.ReflectiveMethodInvocation.proceed(ReflectiveMethodInvocation.java:163) ~[spring-aop-6.1.12.jar:6.1.12]
	at org.springframework.aop.framework.CglibAopProxy$CglibMethodInvocation.proceed(CglibAopProxy.java:768) ~[spring-aop-6.1.12.jar:6.1.12]
	at org.springframework.transaction.interceptor.TransactionAspectSupport.invokeWithinTransaction(TransactionAspectSupport.java:379) ~[spring-tx-6.1.12.jar:6.1.12]
	at org.springframework.transaction.interceptor.TransactionInterceptor.invoke(TransactionInterceptor.java:119) ~[spring-tx-6.1.12.jar:6.1.12]
	at org.springframework.aop.framework.ReflectiveMethodInvocation.proceed(ReflectiveMethodInvocation.java:184) ~[spring-aop-6.1.12.jar:6.1.12]
	at org.springframework.aop.framework.CglibAopProxy$CglibMethodInvocation.proceed(CglibAopProxy.java:768) ~[spring-aop-6.1.12.jar:6.1.12]
	at org.springframework.aop.framework.CglibAopProxy$DynamicAdvisedInterceptor.intercept(CglibAopProxy.java:720) ~[spring-aop-6.1.12.jar:6.1.12]
	at com.example.usermanagement.service.OrganisationService$$SpringCGLIB$$0.createOrganisation(<generated>) ~[classes/:na]
	at com.example.usermanagement.controller.OrganisationController.createOrganisation(OrganisationController.java:36) ~[classes/:na]
	at java.base/jdk.internal.reflect.NativeMethodAccessorImpl.invoke0(Native Method) ~[na:na]
	at java.base/jdk.internal.reflect.NativeMethodAccessorImpl.invoke(NativeMethodAccessorImpl.java:77) ~[na:na]
	at java.base/jdk.internal.reflect.DelegatingMethodAccessorImpl.invoke(DelegatingMethodAccessorImpl.java:43) ~[na:na]
	at java.base/java.lang.reflect.Method.invoke(Method.java:568) ~[na:na]
	at org.springframework.web.method.support.InvocableHandlerMethod.doInvoke(InvocableHandlerMethod.java:255) ~[spring-web-6.1.12.jar:6.1.12]
	at org.springframework.web.method.support.InvocableHandlerMethod.invokeForRequest(InvocableHandlerMethod.java:188) ~[spring-web-6.1.12.jar:6.1.12]
	at org.springframework.web.servlet.mvc.method.annotation.ServletInvocableHandlerMethod.invokeAndHandle(ServletInvocableHandlerMethod.java:118) ~[spring-webmvc-6.1.12.jar:6.1.12]
	at org.springframework.web.servlet.mvc.method.annotation.RequestMappingHandlerAdapter.invokeHandlerMethod(RequestMappingHandlerAdapter.java:926) ~[spring-webmvc-6.1.12.jar:6.1.12]
	at org.springframework.web.servlet.mvc.method.annotation.RequestMappingHandlerAdapter.handleInternal(RequestMappingHandlerAdapter.java:831) ~[spring-webmvc-6.1.12.jar:6.1.12]
	at org.springframework.web.servlet.mvc.method.AbstractHandlerMethodAdapter.handle(AbstractHandlerMethodAdapter.java:87) ~[spring-webmvc-6.1.12.jar:6.1.12]
	at org.springframework.web.servlet.DispatcherServlet.doDispatch(DispatcherServlet.java:1089) ~[spring-webmvc-6.1.12.jar:6.1.12]
	at org.springframework.web.servlet.DispatcherServlet.doService(DispatcherServlet.java:979) ~[spring-webmvc-6.1.12.jar:6.1.12]
	at org.springframework.web.servlet.FrameworkServlet.processRequest(FrameworkServlet.java:1014) ~[spring-webmvc-6.1.12.jar:6.1.12]
	at org.springframework.web.servlet.FrameworkServlet.doPost(FrameworkServlet.java:914) ~[spring-webmvc-6.1.12.jar:6.1.12]
	at jakarta.servlet.http.HttpServlet.service(HttpServlet.java:590) ~[tomcat-embed-core-10.1.28.jar:6.0]
	at org.springframework.web.servlet.FrameworkServlet.service(FrameworkServlet.java:885) ~[spring-webmvc-6.1.12.jar:6.1.12]
	at jakarta.servlet.http.HttpServlet.service(HttpServlet.java:658) ~[tomcat-embed-core-10.1.28.jar:6.0]
	at org.apache.catalina.core.ApplicationFilterChain.internalDoFilter(ApplicationFilterChain.java:195) ~[tomcat-embed-core-10.1.28.jar:10.1.28]
	at org.apache.catalina.core.ApplicationFilterChain.doFilter(ApplicationFilterChain.java:140) ~[tomcat-embed-core-10.1.28.jar:10.1.28]
	at org.apache.tomcat.websocket.server.WsFilter.doFilter(WsFilter.java:51) ~[tomcat-embed-websocket-10.1.28.jar:10.1.28]
	at org.apache.catalina.core.ApplicationFilterChain.internalDoFilter(ApplicationFilterChain.java:164) ~[tomcat-embed-core-10.1.28.jar:10.1.28]
	at org.apache.catalina.core.ApplicationFilterChain.doFilter(ApplicationFilterChain.java:140) ~[tomcat-embed-core-10.1.28.jar:10.1.28]
	at org.springframework.web.filter.CompositeFilter$VirtualFilterChain.doFilter(CompositeFilter.java:108) ~[spring-web-6.1.12.jar:6.1.12]
	at org.springframework.security.web.FilterChainProxy.lambda$doFilterInternal$3(FilterChainProxy.java:231) ~[spring-security-web-6.3.3.jar:6.3.3]
	at org.springframework.security.web.FilterChainProxy$VirtualFilterChain.doFilter(FilterChainProxy.java:365) ~[spring-security-web-6.3.3.jar:6.3.3]
	at org.springframework.security.web.access.intercept.AuthorizationFilter.doFilter(AuthorizationFilter.java:100) ~[spring-security-web-6.3.3.jar:6.3.3]
	at org.springframework.security.web.FilterChainProxy$VirtualFilterChain.doFilter(FilterChainProxy.java:374) ~[spring-security-web-6.3.3.jar:6.3.3]
	at org.springframework.security.web.access.ExceptionTranslationFilter.doFilter(ExceptionTranslationFilter.java:126) ~[spring-security-web-6.3.3.jar:6.3.3]
	at org.springframework.security.web.access.ExceptionTranslationFilter.doFilter(ExceptionTranslationFilter.java:120) ~[spring-security-web-6.3.3.jar:6.3.3]
	at org.springframework.security.web.FilterChainProxy$VirtualFilterChain.doFilter(FilterChainProxy.java:374) ~[spring-security-web-6.3.3.jar:6.3.3]
	at org.springframework.security.web.authentication.AnonymousAuthenticationFilter.doFilter(AnonymousAuthenticationFilter.java:100) ~[spring-security-web-6.3.3.jar:6.3.3]
	at org.springframework.security.web.FilterChainProxy$VirtualFilterChain.doFilter(FilterChainProxy.java:374) ~[spring-security-web-6.3.3.jar:6.3.3]
	at org.springframework.security.web.servletapi.SecurityContextHolderAwareRequestFilter.doFilter(SecurityContextHolderAwareRequestFilter.java:179) ~[spring-security-web-6.3.3.jar:6.3.3]
	at org.springframework.security.web.FilterChainProxy$VirtualFilterChain.doFilter(FilterChainProxy.java:374) ~[spring-security-web-6.3.3.jar:6.3.3]
	at org.springframework.security.web.savedrequest.RequestCacheAwareFilter.doFilter(RequestCacheAwareFilter.java:63) ~[spring-security-web-6.3.3.jar:6.3.3]
	at org.springframework.security.web.FilterChainProxy$VirtualFilterChain.doFilter(FilterChainProxy.java:374) ~[spring-security-web-6.3.3.jar:6.3.3]
	at org.springframework.security.web.authentication.logout.LogoutFilter.doFilter(LogoutFilter.java:107) ~[spring-security-web-6.3.3.jar:6.3.3]
	at org.springframework.security.web.authentication.logout.LogoutFilter.doFilter(LogoutFilter.java:93) ~[spring-security-web-6.3.3.jar:6.3.3]
	at org.springframework.security.web.FilterChainProxy$VirtualFilterChain.doFilter(FilterChainProxy.java:374) ~[spring-security-web-6.3.3.jar:6.3.3]
	at org.springframework.security.web.header.HeaderWriterFilter.doHeadersAfter(HeaderWriterFilter.java:90) ~[spring-security-web-6.3.3.jar:6.3.3]
	at org.springframework.security.web.header.HeaderWriterFilter.doFilterInternal(HeaderWriterFilter.java:75) ~[spring-security-web-6.3.3.jar:6.3.3]
	at org.springframework.web.filter.OncePerRequestFilter.doFilter(OncePerRequestFilter.java:116) ~[spring-web-6.1.12.jar:6.1.12]
	at org.springframework.security.web.FilterChainProxy$VirtualFilterChain.doFilter(FilterChainProxy.java:374) ~[spring-security-web-6.3.3.jar:6.3.3]
	at org.springframework.security.web.context.SecurityContextHolderFilter.doFilter(SecurityContextHolderFilter.java:82) ~[spring-security-web-6.3.3.jar:6.3.3]
	at org.springframework.security.web.context.SecurityContextHolderFilter.doFilter(SecurityContextHolderFilter.java:69) ~[spring-security-web-6.3.3.jar:6.3.3]
	at org.springframework.security.web.FilterChainProxy$VirtualFilterChain.doFilter(FilterChainProxy.java:374) ~[spring-security-web-6.3.3.jar:6.3.3]
	at org.springframework.security.web.context.request.async.WebAsyncManagerIntegrationFilter.doFilterInternal(WebAsyncManagerIntegrationFilter.java:62) ~[spring-security-web-6.3.3.jar:6.3.3]
	at org.springframework.web.filter.OncePerRequestFilter.doFilter(OncePerRequestFilter.java:116) ~[spring-web-6.1.12.jar:6.1.12]
	at org.springframework.security.web.FilterChainProxy$VirtualFilterChain.doFilter(FilterChainProxy.java:374) ~[spring-security-web-6.3.3.jar:6.3.3]
	at org.springframework.security.web.session.DisableEncodeUrlFilter.doFilterInternal(DisableEncodeUrlFilter.java:42) ~[spring-security-web-6.3.3.jar:6.3.3]
	at org.springframework.web.filter.OncePerRequestFilter.doFilter(OncePerRequestFilter.java:116) ~[spring-web-6.1.12.jar:6.1.12]
	at org.springframework.security.web.FilterChainProxy$VirtualFilterChain.doFilter(FilterChainProxy.java:374) ~[spring-security-web-6.3.3.jar:6.3.3]
	at org.springframework.security.web.FilterChainProxy.doFilterInternal(FilterChainProxy.java:233) ~[spring-security-web-6.3.3.jar:6.3.3]
	at org.springframework.security.web.FilterChainProxy.doFilter(FilterChainProxy.java:191) ~[spring-security-web-6.3.3.jar:6.3.3]
	at org.springframework.web.filter.CompositeFilter$VirtualFilterChain.doFilter(CompositeFilter.java:113) ~[spring-web-6.1.12.jar:6.1.12]
	at org.springframework.web.servlet.handler.HandlerMappingIntrospector.lambda$createCacheFilter$3(HandlerMappingIntrospector.java:195) ~[spring-webmvc-6.1.12.jar:6.1.12]
	at org.springframework.web.filter.CompositeFilter$VirtualFilterChain.doFilter(CompositeFilter.java:113) ~[spring-web-6.1.12.jar:6.1.12]
	at org.springframework.web.filter.CompositeFilter.doFilter(CompositeFilter.java:74) ~[spring-web-6.1.12.jar:6.1.12]
	at org.springframework.security.config.annotation.web.configuration.WebMvcSecurityConfiguration$CompositeFilterChainProxy.doFilter(WebMvcSecurityConfiguration.java:230) ~[spring-security-config-6.3.3.jar:6.3.3]
	at org.springframework.web.filter.DelegatingFilterProxy.invokeDelegate(DelegatingFilterProxy.java:352) ~[spring-web-6.1.12.jar:6.1.12]
	at org.springframework.web.filter.DelegatingFilterProxy.doFilter(DelegatingFilterProxy.java:268) ~[spring-web-6.1.12.jar:6.1.12]
	at org.apache.catalina.core.ApplicationFilterChain.internalDoFilter(ApplicationFilterChain.java:164) ~[tomcat-embed-core-10.1.28.jar:10.1.28]
	at org.apache.catalina.core.ApplicationFilterChain.doFilter(ApplicationFilterChain.java:140) ~[tomcat-embed-core-10.1.28.jar:10.1.28]
	at org.springframework.web.filter.RequestContextFilter.doFilterInternal(RequestContextFilter.java:100) ~[spring-web-6.1.12.jar:6.1.12]
	at org.springframework.web.filter.OncePerRequestFilter.doFilter(OncePerRequestFilter.java:116) ~[spring-web-6.1.12.jar:6.1.12]
	at org.apache.catalina.core.ApplicationFilterChain.internalDoFilter(ApplicationFilterChain.java:164) ~[tomcat-embed-core-10.1.28.jar:10.1.28]
	at org.apache.catalina.core.ApplicationFilterChain.doFilter(ApplicationFilterChain.java:140) ~[tomcat-embed-core-10.1.28.jar:10.1.28]
	at org.springframework.web.filter.FormContentFilter.doFilterInternal(FormContentFilter.java:93) ~[spring-web-6.1.12.jar:6.1.12]
	at org.springframework.web.filter.OncePerRequestFilter.doFilter(OncePerRequestFilter.java:116) ~[spring-web-6.1.12.jar:6.1.12]
	at org.apache.catalina.core.ApplicationFilterChain.internalDoFilter(ApplicationFilterChain.java:164) ~[tomcat-embed-core-10.1.28.jar:10.1.28]
	at org.apache.catalina.core.ApplicationFilterChain.doFilter(ApplicationFilterChain.java:140) ~[tomcat-embed-core-10.1.28.jar:10.1.28]
	at org.springframework.web.filter.CharacterEncodingFilter.doFilterInternal(CharacterEncodingFilter.java:201) ~[spring-web-6.1.12.jar:6.1.12]
	at org.springframework.web.filter.OncePerRequestFilter.doFilter(OncePerRequestFilter.java:116) ~[spring-web-6.1.12.jar:6.1.12]
	at org.apache.catalina.core.ApplicationFilterChain.internalDoFilter(ApplicationFilterChain.java:164) ~[tomcat-embed-core-10.1.28.jar:10.1.28]
	at org.apache.catalina.core.ApplicationFilterChain.doFilter(ApplicationFilterChain.java:140) ~[tomcat-embed-core-10.1.28.jar:10.1.28]
	at org.apache.catalina.core.StandardWrapperValve.invoke(StandardWrapperValve.java:167) ~[tomcat-embed-core-10.1.28.jar:10.1.28]
	at org.apache.catalina.core.StandardContextValve.invoke(StandardContextValve.java:90) ~[tomcat-embed-core-10.1.28.jar:10.1.28]
	at org.apache.catalina.authenticator.AuthenticatorBase.invoke(AuthenticatorBase.java:483) ~[tomcat-embed-core-10.1.28.jar:10.1.28]
	at org.apache.catalina.core.StandardHostValve.invoke(StandardHostValve.java:115) ~[tomcat-embed-core-10.1.28.jar:10.1.28]
	at org.apache.catalina.valves.ErrorReportValve.invoke(ErrorReportValve.java:93) ~[tomcat-embed-core-10.1.28.jar:10.1.28]
	at org.apache.catalina.core.StandardEngineValve.invoke(StandardEngineValve.java:74) ~[tomcat-embed-core-10.1.28.jar:10.1.28]
	at org.apache.catalina.connector.CoyoteAdapter.service(CoyoteAdapter.java:344) ~[tomcat-embed-core-10.1.28.jar:10.1.28]
	at org.apache.coyote.http11.Http11Processor.service(Http11Processor.java:384) ~[tomcat-embed-core-10.1.28.jar:10.1.28]
	at org.apache.coyote.AbstractProcessorLight.process(AbstractProcessorLight.java:63) ~[tomcat-embed-core-10.1.28.jar:10.1.28]
	at org.apache.coyote.AbstractProtocol$ConnectionHandler.process(AbstractProtocol.java:904) ~[tomcat-embed-core-10.1.28.jar:10.1.28]
	at org.apache.tomcat.util.net.NioEndpoint$SocketProcessor.doRun(NioEndpoint.java:1741) ~[tomcat-embed-core-10.1.28.jar:10.1.28]
	at org.apache.tomcat.util.net.SocketProcessorBase.run(SocketProcessorBase.java:52) ~[tomcat-embed-core-10.1.28.jar:10.1.28]
	at org.apache.tomcat.util.threads.ThreadPoolExecutor.runWorker(ThreadPoolExecutor.java:1190) ~[tomcat-embed-core-10.1.28.jar:10.1.28]
	at org.apache.tomcat.util.threads.ThreadPoolExecutor$Worker.run(ThreadPoolExecutor.java:659) ~[tomcat-embed-core-10.1.28.jar:10.1.28]
	at org.apache.tomcat.util.threads.TaskThread$WrappingRunnable.run(TaskThread.java:63) ~[tomcat-embed-core-10.1.28.jar:10.1.28]
	at java.base/java.lang.Thread.run(Thread.java:842) ~[na:na]

2026-10-01T04:26:34.990+03:00  WARN 13808 --- [multi-tenant-user-management-api] [HikariPool-1 housekeeper] com.zaxxer.hikari.pool.HikariPool        : HikariPool-1 - Thread starvation or clock leap detected (housekeeper delta=2h55m53s741ms575µs500ns).
2026-10-01T04:49:47.264+03:00  WARN 13808 --- [multi-tenant-user-management-api] [HikariPool-1 housekeeper] com.zaxxer.hikari.pool.HikariPool        : HikariPool-1 - Thread starvation or clock leap detected (housekeeper delta=2m11s743ms873µs400ns).
2026-10-01T04:51:11.848+03:00 DEBUG 13808 --- [multi-tenant-user-management-api] [http-nio-8081-exec-3] org.hibernate.SQL                        : 
    select
        re1_0.id,
        re1_0.description,
        re1_0.is_active,
        re1_0.name 
    from
        roles re1_0 
    where
        re1_0.is_active
2026-10-01T10:06:04.396+03:00  WARN 13808 --- [multi-tenant-user-management-api] [HikariPool-1 housekeeper] com.zaxxer.hikari.pool.HikariPool        : HikariPool-1 - Thread starvation or clock leap detected (housekeeper delta=3h56m14s12ms688µs900ns).
2026-10-01T19:00:44.932+03:00  WARN 13808 --- [multi-tenant-user-management-api] [HikariPool-1 housekeeper] com.zaxxer.hikari.pool.HikariPool        : HikariPool-1 - Thread starvation or clock leap detected (housekeeper delta=3h28s844ms413µs500ns).
2026-10-01T19:11:08.096+03:00  WARN 13808 --- [multi-tenant-user-management-api] [HikariPool-1 housekeeper] com.zaxxer.hikari.pool.HikariPool        : HikariPool-1 - Thread starvation or clock leap detected (housekeeper delta=11m11s642ms896µs600ns).
2026-10-01T19:12:05.169+03:00  WARN 13808 --- [multi-tenant-user-management-api] [HikariPool-1 housekeeper] com.zaxxer.hikari.pool.HikariPool        : HikariPool-1 - Thread starvation or clock leap detected (housekeeper delta=57s75ms825µs300ns).
2026-10-01T19:37:16.722+03:00  WARN 13808 --- [multi-tenant-user-management-api] [HikariPool-1 housekeeper] com.zaxxer.hikari.pool.HikariPool        : HikariPool-1 - Thread starvation or clock leap detected (housekeeper delta=8m11s188ms811µs).
2026-10-01T20:20:09.054+03:00  WARN 13808 --- [multi-tenant-user-management-api] [HikariPool-1 housekeeper] com.zaxxer.hikari.pool.HikariPool        : HikariPool-1 - Thread starvation or clock leap detected (housekeeper delta=35m52s218ms887µs500ns).
2026-10-01T20:31:29.277+03:00  WARN 13808 --- [multi-tenant-user-management-api] [HikariPool-1 housekeeper] com.zaxxer.hikari.pool.HikariPool        : HikariPool-1 - Thread starvation or clock leap detected (housekeeper delta=8m20s168ms490µs700ns).
2026-10-01T21:11:28.365+03:00  WARN 13808 --- [multi-tenant-user-management-api] [HikariPool-1 housekeeper] com.zaxxer.hikari.pool.HikariPool        : HikariPool-1 - Thread starvation or clock leap detected (housekeeper delta=26m28s853ms45µs300ns).
2026-10-01T22:01:42.678+03:00 DEBUG 13808 --- [multi-tenant-user-management-api] [http-nio-8081-exec-7] org.hibernate.SQL                        : 
    select
        o1_0.id,
        o1_0.created_at,
        o1_0.department,
        o1_0.email,
        o1_0.logo_url,
        o1_0.name,
        o1_0.phone_number,
        o1_0.shortcode 
    from
        organisations o1_0 
    where
        o1_0.shortcode is null
2026-10-01T22:01:42.953+03:00 ERROR 13808 --- [multi-tenant-user-management-api] [http-nio-8081-exec-7] o.a.c.c.C.[.[.[/].[dispatcherServlet]    : Servlet.service() for servlet [dispatcherServlet] in context with path [] threw exception [Request processing failed: org.springframework.dao.DataIntegrityViolationException: not-null property references a null or transient value : com.example.usermanagement.entity.Organisation.department] with root cause

org.hibernate.PropertyValueException: not-null property references a null or transient value : com.example.usermanagement.entity.Organisation.department
	at org.hibernate.engine.internal.Nullability.checkNullability(Nullability.java:109) ~[hibernate-core-6.5.2.Final.jar:6.5.2.Final]
	at org.hibernate.engine.internal.Nullability.checkNullability(Nullability.java:54) ~[hibernate-core-6.5.2.Final.jar:6.5.2.Final]
	at org.hibernate.action.internal.AbstractEntityInsertAction.nullifyTransientReferencesIfNotAlready(AbstractEntityInsertAction.java:124) ~[hibernate-core-6.5.2.Final.jar:6.5.2.Final]
	at org.hibernate.action.internal.AbstractEntityInsertAction.makeEntityManaged(AbstractEntityInsertAction.java:133) ~[hibernate-core-6.5.2.Final.jar:6.5.2.Final]
	at org.hibernate.engine.spi.ActionQueue.addResolvedEntityInsertAction(ActionQueue.java:299) ~[hibernate-core-6.5.2.Final.jar:6.5.2.Final]
	at org.hibernate.engine.spi.ActionQueue.addInsertAction(ActionQueue.java:272) ~[hibernate-core-6.5.2.Final.jar:6.5.2.Final]
	at org.hibernate.engine.spi.ActionQueue.addAction(ActionQueue.java:259) ~[hibernate-core-6.5.2.Final.jar:6.5.2.Final]
	at org.hibernate.event.internal.AbstractSaveEventListener.addInsertAction(AbstractSaveEventListener.java:404) ~[hibernate-core-6.5.2.Final.jar:6.5.2.Final]
	at org.hibernate.event.internal.AbstractSaveEventListener.performSaveOrReplicate(AbstractSaveEventListener.java:305) ~[hibernate-core-6.5.2.Final.jar:6.5.2.Final]
	at org.hibernate.event.internal.AbstractSaveEventListener.performSave(AbstractSaveEventListener.java:224) ~[hibernate-core-6.5.2.Final.jar:6.5.2.Final]
	at org.hibernate.event.internal.AbstractSaveEventListener.saveWithGeneratedId(AbstractSaveEventListener.java:137) ~[hibernate-core-6.5.2.Final.jar:6.5.2.Final]
	at org.hibernate.event.internal.DefaultPersistEventListener.entityIsTransient(DefaultPersistEventListener.java:175) ~[hibernate-core-6.5.2.Final.jar:6.5.2.Final]
	at org.hibernate.event.internal.DefaultPersistEventListener.persist(DefaultPersistEventListener.java:93) ~[hibernate-core-6.5.2.Final.jar:6.5.2.Final]
	at org.hibernate.event.internal.DefaultPersistEventListener.onPersist(DefaultPersistEventListener.java:77) ~[hibernate-core-6.5.2.Final.jar:6.5.2.Final]
	at org.hibernate.event.internal.DefaultPersistEventListener.onPersist(DefaultPersistEventListener.java:54) ~[hibernate-core-6.5.2.Final.jar:6.5.2.Final]
	at org.hibernate.event.service.internal.EventListenerGroupImpl.fireEventOnEachListener(EventListenerGroupImpl.java:127) ~[hibernate-core-6.5.2.Final.jar:6.5.2.Final]
	at org.hibernate.internal.SessionImpl.firePersist(SessionImpl.java:757) ~[hibernate-core-6.5.2.Final.jar:6.5.2.Final]
	at org.hibernate.internal.SessionImpl.persist(SessionImpl.java:741) ~[hibernate-core-6.5.2.Final.jar:6.5.2.Final]
	at java.base/jdk.internal.reflect.NativeMethodAccessorImpl.invoke0(Native Method) ~[na:na]
	at java.base/jdk.internal.reflect.NativeMethodAccessorImpl.invoke(NativeMethodAccessorImpl.java:77) ~[na:na]
	at java.base/jdk.internal.reflect.DelegatingMethodAccessorImpl.invoke(DelegatingMethodAccessorImpl.java:43) ~[na:na]
	at java.base/java.lang.reflect.Method.invoke(Method.java:568) ~[na:na]
	at org.springframework.orm.jpa.ExtendedEntityManagerCreator$ExtendedEntityManagerInvocationHandler.invoke(ExtendedEntityManagerCreator.java:364) ~[spring-orm-6.1.12.jar:6.1.12]
	at jdk.proxy2/jdk.proxy2.$Proxy136.persist(Unknown Source) ~[na:na]
	at java.base/jdk.internal.reflect.NativeMethodAccessorImpl.invoke0(Native Method) ~[na:na]
	at java.base/jdk.internal.reflect.NativeMethodAccessorImpl.invoke(NativeMethodAccessorImpl.java:77) ~[na:na]
	at java.base/jdk.internal.reflect.DelegatingMethodAccessorImpl.invoke(DelegatingMethodAccessorImpl.java:43) ~[na:na]
	at java.base/java.lang.reflect.Method.invoke(Method.java:568) ~[na:na]
	at org.springframework.orm.jpa.SharedEntityManagerCreator$SharedEntityManagerInvocationHandler.invoke(SharedEntityManagerCreator.java:319) ~[spring-orm-6.1.12.jar:6.1.12]
	at jdk.proxy2/jdk.proxy2.$Proxy136.persist(Unknown Source) ~[na:na]
	at org.springframework.data.jpa.repository.support.SimpleJpaRepository.save(SimpleJpaRepository.java:625) ~[spring-data-jpa-3.3.3.jar:3.3.3]
	at java.base/jdk.internal.reflect.NativeMethodAccessorImpl.invoke0(Native Method) ~[na:na]
	at java.base/jdk.internal.reflect.NativeMethodAccessorImpl.invoke(NativeMethodAccessorImpl.java:77) ~[na:na]
	at java.base/jdk.internal.reflect.DelegatingMethodAccessorImpl.invoke(DelegatingMethodAccessorImpl.java:43) ~[na:na]
	at java.base/java.lang.reflect.Method.invoke(Method.java:568) ~[na:na]
	at org.springframework.aop.support.AopUtils.invokeJoinpointUsingReflection(AopUtils.java:355) ~[spring-aop-6.1.12.jar:6.1.12]
	at org.springframework.data.repository.core.support.RepositoryMethodInvoker$RepositoryFragmentMethodInvoker.lambda$new$0(RepositoryMethodInvoker.java:277) ~[spring-data-commons-3.3.3.jar:3.3.3]
	at org.springframework.data.repository.core.support.RepositoryMethodInvoker.doInvoke(RepositoryMethodInvoker.java:170) ~[spring-data-commons-3.3.3.jar:3.3.3]
	at org.springframework.data.repository.core.support.RepositoryMethodInvoker.invoke(RepositoryMethodInvoker.java:158) ~[spring-data-commons-3.3.3.jar:3.3.3]
	at org.springframework.data.repository.core.support.RepositoryComposition$RepositoryFragments.invoke(RepositoryComposition.java:516) ~[spring-data-commons-3.3.3.jar:3.3.3]
	at org.springframework.data.repository.core.support.RepositoryComposition.invoke(RepositoryComposition.java:285) ~[spring-data-commons-3.3.3.jar:3.3.3]
	at org.springframework.data.repository.core.support.RepositoryFactorySupport$ImplementationMethodExecutionInterceptor.invoke(RepositoryFactorySupport.java:628) ~[spring-data-commons-3.3.3.jar:3.3.3]
	at org.springframework.aop.framework.ReflectiveMethodInvocation.proceed(ReflectiveMethodInvocation.java:184) ~[spring-aop-6.1.12.jar:6.1.12]
	at org.springframework.data.repository.core.support.QueryExecutorMethodInterceptor.doInvoke(QueryExecutorMethodInterceptor.java:173) ~[spring-data-commons-3.3.3.jar:3.3.3]
	at org.springframework.data.repository.core.support.QueryExecutorMethodInterceptor.invoke(QueryExecutorMethodInterceptor.java:148) ~[spring-data-commons-3.3.3.jar:3.3.3]
	at org.springframework.aop.framework.ReflectiveMethodInvocation.proceed(ReflectiveMethodInvocation.java:184) ~[spring-aop-6.1.12.jar:6.1.12]
	at org.springframework.data.projection.DefaultMethodInvokingMethodInterceptor.invoke(DefaultMethodInvokingMethodInterceptor.java:70) ~[spring-data-commons-3.3.3.jar:3.3.3]
	at org.springframework.aop.framework.ReflectiveMethodInvocation.proceed(ReflectiveMethodInvocation.java:184) ~[spring-aop-6.1.12.jar:6.1.12]
	at org.springframework.transaction.interceptor.TransactionAspectSupport.invokeWithinTransaction(TransactionAspectSupport.java:379) ~[spring-tx-6.1.12.jar:6.1.12]
	at org.springframework.transaction.interceptor.TransactionInterceptor.invoke(TransactionInterceptor.java:119) ~[spring-tx-6.1.12.jar:6.1.12]
	at org.springframework.aop.framework.ReflectiveMethodInvocation.proceed(ReflectiveMethodInvocation.java:184) ~[spring-aop-6.1.12.jar:6.1.12]
	at org.springframework.dao.support.PersistenceExceptionTranslationInterceptor.invoke(PersistenceExceptionTranslationInterceptor.java:138) ~[spring-tx-6.1.12.jar:6.1.12]
	at org.springframework.aop.framework.ReflectiveMethodInvocation.proceed(ReflectiveMethodInvocation.java:184) ~[spring-aop-6.1.12.jar:6.1.12]
	at org.springframework.data.jpa.repository.support.CrudMethodMetadataPostProcessor$CrudMethodMetadataPopulatingMethodInterceptor.invoke(CrudMethodMetadataPostProcessor.java:165) ~[spring-data-jpa-3.3.3.jar:3.3.3]
	at org.springframework.aop.framework.ReflectiveMethodInvocation.proceed(ReflectiveMethodInvocation.java:184) ~[spring-aop-6.1.12.jar:6.1.12]
	at org.springframework.aop.interceptor.ExposeInvocationInterceptor.invoke(ExposeInvocationInterceptor.java:97) ~[spring-aop-6.1.12.jar:6.1.12]
	at org.springframework.aop.framework.ReflectiveMethodInvocation.proceed(ReflectiveMethodInvocation.java:184) ~[spring-aop-6.1.12.jar:6.1.12]
	at org.springframework.aop.framework.JdkDynamicAopProxy.invoke(JdkDynamicAopProxy.java:223) ~[spring-aop-6.1.12.jar:6.1.12]
	at jdk.proxy2/jdk.proxy2.$Proxy140.save(Unknown Source) ~[na:na]
	at com.example.usermanagement.service.OrganisationService.createOrganisation(OrganisationService.java:61) ~[classes/:na]
	at java.base/jdk.internal.reflect.NativeMethodAccessorImpl.invoke0(Native Method) ~[na:na]
	at java.base/jdk.internal.reflect.NativeMethodAccessorImpl.invoke(NativeMethodAccessorImpl.java:77) ~[na:na]
	at java.base/jdk.internal.reflect.DelegatingMethodAccessorImpl.invoke(DelegatingMethodAccessorImpl.java:43) ~[na:na]
	at java.base/java.lang.reflect.Method.invoke(Method.java:568) ~[na:na]
	at org.springframework.aop.support.AopUtils.invokeJoinpointUsingReflection(AopUtils.java:355) ~[spring-aop-6.1.12.jar:6.1.12]
	at org.springframework.aop.framework.ReflectiveMethodInvocation.invokeJoinpoint(ReflectiveMethodInvocation.java:196) ~[spring-aop-6.1.12.jar:6.1.12]
	at org.springframework.aop.framework.ReflectiveMethodInvocation.proceed(ReflectiveMethodInvocation.java:163) ~[spring-aop-6.1.12.jar:6.1.12]
	at org.springframework.aop.framework.CglibAopProxy$CglibMethodInvocation.proceed(CglibAopProxy.java:768) ~[spring-aop-6.1.12.jar:6.1.12]
	at org.springframework.transaction.interceptor.TransactionAspectSupport.invokeWithinTransaction(TransactionAspectSupport.java:379) ~[spring-tx-6.1.12.jar:6.1.12]
	at org.springframework.transaction.interceptor.TransactionInterceptor.invoke(TransactionInterceptor.java:119) ~[spring-tx-6.1.12.jar:6.1.12]
	at org.springframework.aop.framework.ReflectiveMethodInvocation.proceed(ReflectiveMethodInvocation.java:184) ~[spring-aop-6.1.12.jar:6.1.12]
	at org.springframework.aop.framework.CglibAopProxy$CglibMethodInvocation.proceed(CglibAopProxy.java:768) ~[spring-aop-6.1.12.jar:6.1.12]
	at org.springframework.aop.framework.CglibAopProxy$DynamicAdvisedInterceptor.intercept(CglibAopProxy.java:720) ~[spring-aop-6.1.12.jar:6.1.12]
	at com.example.usermanagement.service.OrganisationService$$SpringCGLIB$$0.createOrganisation(<generated>) ~[classes/:na]
	at com.example.usermanagement.controller.OrganisationController.createOrganisation(OrganisationController.java:36) ~[classes/:na]
	at java.base/jdk.internal.reflect.NativeMethodAccessorImpl.invoke0(Native Method) ~[na:na]
	at java.base/jdk.internal.reflect.NativeMethodAccessorImpl.invoke(NativeMethodAccessorImpl.java:77) ~[na:na]
	at java.base/jdk.internal.reflect.DelegatingMethodAccessorImpl.invoke(DelegatingMethodAccessorImpl.java:43) ~[na:na]
	at java.base/java.lang.reflect.Method.invoke(Method.java:568) ~[na:na]
	at org.springframework.web.method.support.InvocableHandlerMethod.doInvoke(InvocableHandlerMethod.java:255) ~[spring-web-6.1.12.jar:6.1.12]
	at org.springframework.web.method.support.InvocableHandlerMethod.invokeForRequest(InvocableHandlerMethod.java:188) ~[spring-web-6.1.12.jar:6.1.12]
	at org.springframework.web.servlet.mvc.method.annotation.ServletInvocableHandlerMethod.invokeAndHandle(ServletInvocableHandlerMethod.java:118) ~[spring-webmvc-6.1.12.jar:6.1.12]
	at org.springframework.web.servlet.mvc.method.annotation.RequestMappingHandlerAdapter.invokeHandlerMethod(RequestMappingHandlerAdapter.java:926) ~[spring-webmvc-6.1.12.jar:6.1.12]
	at org.springframework.web.servlet.mvc.method.annotation.RequestMappingHandlerAdapter.handleInternal(RequestMappingHandlerAdapter.java:831) ~[spring-webmvc-6.1.12.jar:6.1.12]
	at org.springframework.web.servlet.mvc.method.AbstractHandlerMethodAdapter.handle(AbstractHandlerMethodAdapter.java:87) ~[spring-webmvc-6.1.12.jar:6.1.12]
	at org.springframework.web.servlet.DispatcherServlet.doDispatch(DispatcherServlet.java:1089) ~[spring-webmvc-6.1.12.jar:6.1.12]
	at org.springframework.web.servlet.DispatcherServlet.doService(DispatcherServlet.java:979) ~[spring-webmvc-6.1.12.jar:6.1.12]
	at org.springframework.web.servlet.FrameworkServlet.processRequest(FrameworkServlet.java:1014) ~[spring-webmvc-6.1.12.jar:6.1.12]
	at org.springframework.web.servlet.FrameworkServlet.doPost(FrameworkServlet.java:914) ~[spring-webmvc-6.1.12.jar:6.1.12]
	at jakarta.servlet.http.HttpServlet.service(HttpServlet.java:590) ~[tomcat-embed-core-10.1.28.jar:6.0]
	at org.springframework.web.servlet.FrameworkServlet.service(FrameworkServlet.java:885) ~[spring-webmvc-6.1.12.jar:6.1.12]
	at jakarta.servlet.http.HttpServlet.service(HttpServlet.java:658) ~[tomcat-embed-core-10.1.28.jar:6.0]
	at org.apache.catalina.core.ApplicationFilterChain.internalDoFilter(ApplicationFilterChain.java:195) ~[tomcat-embed-core-10.1.28.jar:10.1.28]
	at org.apache.catalina.core.ApplicationFilterChain.doFilter(ApplicationFilterChain.java:140) ~[tomcat-embed-core-10.1.28.jar:10.1.28]
	at org.apache.tomcat.websocket.server.WsFilter.doFilter(WsFilter.java:51) ~[tomcat-embed-websocket-10.1.28.jar:10.1.28]
	at org.apache.catalina.core.ApplicationFilterChain.internalDoFilter(ApplicationFilterChain.java:164) ~[tomcat-embed-core-10.1.28.jar:10.1.28]
	at org.apache.catalina.core.ApplicationFilterChain.doFilter(ApplicationFilterChain.java:140) ~[tomcat-embed-core-10.1.28.jar:10.1.28]
	at org.springframework.web.filter.CompositeFilter$VirtualFilterChain.doFilter(CompositeFilter.java:108) ~[spring-web-6.1.12.jar:6.1.12]
	at org.springframework.security.web.FilterChainProxy.lambda$doFilterInternal$3(FilterChainProxy.java:231) ~[spring-security-web-6.3.3.jar:6.3.3]
	at org.springframework.security.web.FilterChainProxy$VirtualFilterChain.doFilter(FilterChainProxy.java:365) ~[spring-security-web-6.3.3.jar:6.3.3]
	at org.springframework.security.web.access.intercept.AuthorizationFilter.doFilter(AuthorizationFilter.java:100) ~[spring-security-web-6.3.3.jar:6.3.3]
	at org.springframework.security.web.FilterChainProxy$VirtualFilterChain.doFilter(FilterChainProxy.java:374) ~[spring-security-web-6.3.3.jar:6.3.3]
	at org.springframework.security.web.access.ExceptionTranslationFilter.doFilter(ExceptionTranslationFilter.java:126) ~[spring-security-web-6.3.3.jar:6.3.3]
	at org.springframework.security.web.access.ExceptionTranslationFilter.doFilter(ExceptionTranslationFilter.java:120) ~[spring-security-web-6.3.3.jar:6.3.3]
	at org.springframework.security.web.FilterChainProxy$VirtualFilterChain.doFilter(FilterChainProxy.java:374) ~[spring-security-web-6.3.3.jar:6.3.3]
	at org.springframework.security.web.authentication.AnonymousAuthenticationFilter.doFilter(AnonymousAuthenticationFilter.java:100) ~[spring-security-web-6.3.3.jar:6.3.3]
	at org.springframework.security.web.FilterChainProxy$VirtualFilterChain.doFilter(FilterChainProxy.java:374) ~[spring-security-web-6.3.3.jar:6.3.3]
	at org.springframework.security.web.servletapi.SecurityContextHolderAwareRequestFilter.doFilter(SecurityContextHolderAwareRequestFilter.java:179) ~[spring-security-web-6.3.3.jar:6.3.3]
	at org.springframework.security.web.FilterChainProxy$VirtualFilterChain.doFilter(FilterChainProxy.java:374) ~[spring-security-web-6.3.3.jar:6.3.3]
	at org.springframework.security.web.savedrequest.RequestCacheAwareFilter.doFilter(RequestCacheAwareFilter.java:63) ~[spring-security-web-6.3.3.jar:6.3.3]
	at org.springframework.security.web.FilterChainProxy$VirtualFilterChain.doFilter(FilterChainProxy.java:374) ~[spring-security-web-6.3.3.jar:6.3.3]
	at org.springframework.security.web.authentication.logout.LogoutFilter.doFilter(LogoutFilter.java:107) ~[spring-security-web-6.3.3.jar:6.3.3]
	at org.springframework.security.web.authentication.logout.LogoutFilter.doFilter(LogoutFilter.java:93) ~[spring-security-web-6.3.3.jar:6.3.3]
	at org.springframework.security.web.FilterChainProxy$VirtualFilterChain.doFilter(FilterChainProxy.java:374) ~[spring-security-web-6.3.3.jar:6.3.3]
	at org.springframework.security.web.header.HeaderWriterFilter.doHeadersAfter(HeaderWriterFilter.java:90) ~[spring-security-web-6.3.3.jar:6.3.3]
	at org.springframework.security.web.header.HeaderWriterFilter.doFilterInternal(HeaderWriterFilter.java:75) ~[spring-security-web-6.3.3.jar:6.3.3]
	at org.springframework.web.filter.OncePerRequestFilter.doFilter(OncePerRequestFilter.java:116) ~[spring-web-6.1.12.jar:6.1.12]
	at org.springframework.security.web.FilterChainProxy$VirtualFilterChain.doFilter(FilterChainProxy.java:374) ~[spring-security-web-6.3.3.jar:6.3.3]
	at org.springframework.security.web.context.SecurityContextHolderFilter.doFilter(SecurityContextHolderFilter.java:82) ~[spring-security-web-6.3.3.jar:6.3.3]
	at org.springframework.security.web.context.SecurityContextHolderFilter.doFilter(SecurityContextHolderFilter.java:69) ~[spring-security-web-6.3.3.jar:6.3.3]
	at org.springframework.security.web.FilterChainProxy$VirtualFilterChain.doFilter(FilterChainProxy.java:374) ~[spring-security-web-6.3.3.jar:6.3.3]
	at org.springframework.security.web.context.request.async.WebAsyncManagerIntegrationFilter.doFilterInternal(WebAsyncManagerIntegrationFilter.java:62) ~[spring-security-web-6.3.3.jar:6.3.3]
	at org.springframework.web.filter.OncePerRequestFilter.doFilter(OncePerRequestFilter.java:116) ~[spring-web-6.1.12.jar:6.1.12]
	at org.springframework.security.web.FilterChainProxy$VirtualFilterChain.doFilter(FilterChainProxy.java:374) ~[spring-security-web-6.3.3.jar:6.3.3]
	at org.springframework.security.web.session.DisableEncodeUrlFilter.doFilterInternal(DisableEncodeUrlFilter.java:42) ~[spring-security-web-6.3.3.jar:6.3.3]
	at org.springframework.web.filter.OncePerRequestFilter.doFilter(OncePerRequestFilter.java:116) ~[spring-web-6.1.12.jar:6.1.12]
	at org.springframework.security.web.FilterChainProxy$VirtualFilterChain.doFilter(FilterChainProxy.java:374) ~[spring-security-web-6.3.3.jar:6.3.3]
	at org.springframework.security.web.FilterChainProxy.doFilterInternal(FilterChainProxy.java:233) ~[spring-security-web-6.3.3.jar:6.3.3]
	at org.springframework.security.web.FilterChainProxy.doFilter(FilterChainProxy.java:191) ~[spring-security-web-6.3.3.jar:6.3.3]
	at org.springframework.web.filter.CompositeFilter$VirtualFilterChain.doFilter(CompositeFilter.java:113) ~[spring-web-6.1.12.jar:6.1.12]
	at org.springframework.web.servlet.handler.HandlerMappingIntrospector.lambda$createCacheFilter$3(HandlerMappingIntrospector.java:195) ~[spring-webmvc-6.1.12.jar:6.1.12]
	at org.springframework.web.filter.CompositeFilter$VirtualFilterChain.doFilter(CompositeFilter.java:113) ~[spring-web-6.1.12.jar:6.1.12]
	at org.springframework.web.filter.CompositeFilter.doFilter(CompositeFilter.java:74) ~[spring-web-6.1.12.jar:6.1.12]
	at org.springframework.security.config.annotation.web.configuration.WebMvcSecurityConfiguration$CompositeFilterChainProxy.doFilter(WebMvcSecurityConfiguration.java:230) ~[spring-security-config-6.3.3.jar:6.3.3]
	at org.springframework.web.filter.DelegatingFilterProxy.invokeDelegate(DelegatingFilterProxy.java:352) ~[spring-web-6.1.12.jar:6.1.12]
	at org.springframework.web.filter.DelegatingFilterProxy.doFilter(DelegatingFilterProxy.java:268) ~[spring-web-6.1.12.jar:6.1.12]
	at org.apache.catalina.core.ApplicationFilterChain.internalDoFilter(ApplicationFilterChain.java:164) ~[tomcat-embed-core-10.1.28.jar:10.1.28]
	at org.apache.catalina.core.ApplicationFilterChain.doFilter(ApplicationFilterChain.java:140) ~[tomcat-embed-core-10.1.28.jar:10.1.28]
	at org.springframework.web.filter.RequestContextFilter.doFilterInternal(RequestContextFilter.java:100) ~[spring-web-6.1.12.jar:6.1.12]
	at org.springframework.web.filter.OncePerRequestFilter.doFilter(OncePerRequestFilter.java:116) ~[spring-web-6.1.12.jar:6.1.12]
	at org.apache.catalina.core.ApplicationFilterChain.internalDoFilter(ApplicationFilterChain.java:164) ~[tomcat-embed-core-10.1.28.jar:10.1.28]
	at org.apache.catalina.core.ApplicationFilterChain.doFilter(ApplicationFilterChain.java:140) ~[tomcat-embed-core-10.1.28.jar:10.1.28]
	at org.springframework.web.filter.FormContentFilter.doFilterInternal(FormContentFilter.java:93) ~[spring-web-6.1.12.jar:6.1.12]
	at org.springframework.web.filter.OncePerRequestFilter.doFilter(OncePerRequestFilter.java:116) ~[spring-web-6.1.12.jar:6.1.12]
	at org.apache.catalina.core.ApplicationFilterChain.internalDoFilter(ApplicationFilterChain.java:164) ~[tomcat-embed-core-10.1.28.jar:10.1.28]
	at org.apache.catalina.core.ApplicationFilterChain.doFilter(ApplicationFilterChain.java:140) ~[tomcat-embed-core-10.1.28.jar:10.1.28]
	at org.springframework.web.filter.CharacterEncodingFilter.doFilterInternal(CharacterEncodingFilter.java:201) ~[spring-web-6.1.12.jar:6.1.12]
	at org.springframework.web.filter.OncePerRequestFilter.doFilter(OncePerRequestFilter.java:116) ~[spring-web-6.1.12.jar:6.1.12]
	at org.apache.catalina.core.ApplicationFilterChain.internalDoFilter(ApplicationFilterChain.java:164) ~[tomcat-embed-core-10.1.28.jar:10.1.28]
	at org.apache.catalina.core.ApplicationFilterChain.doFilter(ApplicationFilterChain.java:140) ~[tomcat-embed-core-10.1.28.jar:10.1.28]
	at org.apache.catalina.core.StandardWrapperValve.invoke(StandardWrapperValve.java:167) ~[tomcat-embed-core-10.1.28.jar:10.1.28]
	at org.apache.catalina.core.StandardContextValve.invoke(StandardContextValve.java:90) ~[tomcat-embed-core-10.1.28.jar:10.1.28]
	at org.apache.catalina.authenticator.AuthenticatorBase.invoke(AuthenticatorBase.java:483) ~[tomcat-embed-core-10.1.28.jar:10.1.28]
	at org.apache.catalina.core.StandardHostValve.invoke(StandardHostValve.java:115) ~[tomcat-embed-core-10.1.28.jar:10.1.28]
	at org.apache.catalina.valves.ErrorReportValve.invoke(ErrorReportValve.java:93) ~[tomcat-embed-core-10.1.28.jar:10.1.28]
	at org.apache.catalina.core.StandardEngineValve.invoke(StandardEngineValve.java:74) ~[tomcat-embed-core-10.1.28.jar:10.1.28]
	at org.apache.catalina.connector.CoyoteAdapter.service(CoyoteAdapter.java:344) ~[tomcat-embed-core-10.1.28.jar:10.1.28]
	at org.apache.coyote.http11.Http11Processor.service(Http11Processor.java:384) ~[tomcat-embed-core-10.1.28.jar:10.1.28]
	at org.apache.coyote.AbstractProcessorLight.process(AbstractProcessorLight.java:63) ~[tomcat-embed-core-10.1.28.jar:10.1.28]
	at org.apache.coyote.AbstractProtocol$ConnectionHandler.process(AbstractProtocol.java:904) ~[tomcat-embed-core-10.1.28.jar:10.1.28]
	at org.apache.tomcat.util.net.NioEndpoint$SocketProcessor.doRun(NioEndpoint.java:1741) ~[tomcat-embed-core-10.1.28.jar:10.1.28]
	at org.apache.tomcat.util.net.SocketProcessorBase.run(SocketProcessorBase.java:52) ~[tomcat-embed-core-10.1.28.jar:10.1.28]
	at org.apache.tomcat.util.threads.ThreadPoolExecutor.runWorker(ThreadPoolExecutor.java:1190) ~[tomcat-embed-core-10.1.28.jar:10.1.28]
	at org.apache.tomcat.util.threads.ThreadPoolExecutor$Worker.run(ThreadPoolExecutor.java:659) ~[tomcat-embed-core-10.1.28.jar:10.1.28]
	at org.apache.tomcat.util.threads.TaskThread$WrappingRunnable.run(TaskThread.java:63) ~[tomcat-embed-core-10.1.28.jar:10.1.28]
	at java.base/java.lang.Thread.run(Thread.java:842) ~[na:na]

2026-10-01T22:33:45.101+03:00  WARN 13808 --- [multi-tenant-user-management-api] [HikariPool-1 housekeeper] com.zaxxer.hikari.pool.HikariPool        : HikariPool-1 - Thread starvation or clock leap detected (housekeeper delta=22m15s253ms274µs800ns).
2026-10-01T23:29:15.748+03:00 DEBUG 13808 --- [multi-tenant-user-management-api] [http-nio-8081-exec-9] org.hibernate.SQL                        : 
    select
        o1_0.id,
        o1_0.created_at,
        o1_0.department,
        o1_0.email,
        o1_0.logo_url,
        o1_0.name,
        o1_0.phone_number,
        o1_0.shortcode 
    from
        organisations o1_0 
    where
        o1_0.shortcode=?
2026-10-01T23:29:15.754+03:00 TRACE 13808 --- [multi-tenant-user-management-api] [http-nio-8081-exec-9] org.hibernate.orm.jdbc.bind              : binding parameter (1:VARCHAR) <- [acme]
2026-10-01T23:29:15.928+03:00 DEBUG 13808 --- [multi-tenant-user-management-api] [http-nio-8081-exec-9] org.hibernate.SQL                        : 
    select
        u1_0.id,
        u1_0.created_at,
        u1_0.department,
        u1_0.email,
        u1_0.full_name,
        u1_0.is_active,
        u1_0.organisation_id,
        u1_0.password_hash,
        u1_0.phone_number,
        u1_0.requires_password_change,
        u1_0.user_type 
    from
        users u1_0 
    where
        u1_0.email=?
2026-10-01T23:29:15.929+03:00 TRACE 13808 --- [multi-tenant-user-management-api] [http-nio-8081-exec-9] org.hibernate.orm.jdbc.bind              : binding parameter (1:VARCHAR) <- [snabwire@acme.com]
2026-10-01T23:29:15.949+03:00  WARN 13808 --- [multi-tenant-user-management-api] [http-nio-8081-exec-9] o.h.engine.jdbc.spi.SqlExceptionHelper   : SQL Error: 0, SQLState: 42703
2026-10-01T23:29:15.949+03:00 ERROR 13808 --- [multi-tenant-user-management-api] [http-nio-8081-exec-9] o.h.engine.jdbc.spi.SqlExceptionHelper   : ERROR: column u1_0.requires_password_change does not exist
  Position: 147
2026-10-01T23:29:16.030+03:00 ERROR 13808 --- [multi-tenant-user-management-api] [http-nio-8081-exec-9] o.a.c.c.C.[.[.[/].[dispatcherServlet]    : Servlet.service() for servlet [dispatcherServlet] in context with path [] threw exception [Request processing failed: org.springframework.dao.InvalidDataAccessResourceUsageException: JDBC exception executing SQL [select u1_0.id,u1_0.created_at,u1_0.department,u1_0.email,u1_0.full_name,u1_0.is_active,u1_0.organisation_id,u1_0.password_hash,u1_0.phone_number,u1_0.requires_password_change,u1_0.user_type from users u1_0 where u1_0.email=?] [ERROR: column u1_0.requires_password_change does not exist
  Position: 147] [n/a]; SQL [n/a]] with root cause

org.postgresql.util.PSQLException: ERROR: column u1_0.requires_password_change does not exist
  Position: 147
	at org.postgresql.core.v3.QueryExecutorImpl.receiveErrorResponse(QueryExecutorImpl.java:2725) ~[postgresql-42.7.3.jar:42.7.3]
	at org.postgresql.core.v3.QueryExecutorImpl.processResults(QueryExecutorImpl.java:2412) ~[postgresql-42.7.3.jar:42.7.3]
	at org.postgresql.core.v3.QueryExecutorImpl.execute(QueryExecutorImpl.java:371) ~[postgresql-42.7.3.jar:42.7.3]
	at org.postgresql.jdbc.PgStatement.executeInternal(PgStatement.java:502) ~[postgresql-42.7.3.jar:42.7.3]
	at org.postgresql.jdbc.PgStatement.execute(PgStatement.java:419) ~[postgresql-42.7.3.jar:42.7.3]
	at org.postgresql.jdbc.PgPreparedStatement.executeWithFlags(PgPreparedStatement.java:194) ~[postgresql-42.7.3.jar:42.7.3]
	at org.postgresql.jdbc.PgPreparedStatement.executeQuery(PgPreparedStatement.java:137) ~[postgresql-42.7.3.jar:42.7.3]
	at com.zaxxer.hikari.pool.ProxyPreparedStatement.executeQuery(ProxyPreparedStatement.java:52) ~[HikariCP-5.1.0.jar:na]
	at com.zaxxer.hikari.pool.HikariProxyPreparedStatement.executeQuery(HikariProxyPreparedStatement.java) ~[HikariCP-5.1.0.jar:na]
	at org.hibernate.sql.results.jdbc.internal.DeferredResultSetAccess.executeQuery(DeferredResultSetAccess.java:246) ~[hibernate-core-6.5.2.Final.jar:6.5.2.Final]
	at org.hibernate.sql.results.jdbc.internal.DeferredResultSetAccess.getResultSet(DeferredResultSetAccess.java:167) ~[hibernate-core-6.5.2.Final.jar:6.5.2.Final]
	at org.hibernate.sql.results.jdbc.internal.JdbcValuesResultSetImpl.advanceNext(JdbcValuesResultSetImpl.java:265) ~[hibernate-core-6.5.2.Final.jar:6.5.2.Final]
	at org.hibernate.sql.results.jdbc.internal.JdbcValuesResultSetImpl.processNext(JdbcValuesResultSetImpl.java:145) ~[hibernate-core-6.5.2.Final.jar:6.5.2.Final]
	at org.hibernate.sql.results.jdbc.internal.AbstractJdbcValues.next(AbstractJdbcValues.java:19) ~[hibernate-core-6.5.2.Final.jar:6.5.2.Final]
	at org.hibernate.sql.results.internal.RowProcessingStateStandardImpl.next(RowProcessingStateStandardImpl.java:67) ~[hibernate-core-6.5.2.Final.jar:6.5.2.Final]
	at org.hibernate.sql.results.spi.ListResultsConsumer.consume(ListResultsConsumer.java:204) ~[hibernate-core-6.5.2.Final.jar:6.5.2.Final]
	at org.hibernate.sql.results.spi.ListResultsConsumer.consume(ListResultsConsumer.java:33) ~[hibernate-core-6.5.2.Final.jar:6.5.2.Final]
	at org.hibernate.sql.exec.internal.JdbcSelectExecutorStandardImpl.doExecuteQuery(JdbcSelectExecutorStandardImpl.java:211) ~[hibernate-core-6.5.2.Final.jar:6.5.2.Final]
	at org.hibernate.sql.exec.internal.JdbcSelectExecutorStandardImpl.executeQuery(JdbcSelectExecutorStandardImpl.java:83) ~[hibernate-core-6.5.2.Final.jar:6.5.2.Final]
	at org.hibernate.sql.exec.spi.JdbcSelectExecutor.list(JdbcSelectExecutor.java:76) ~[hibernate-core-6.5.2.Final.jar:6.5.2.Final]
	at org.hibernate.sql.exec.spi.JdbcSelectExecutor.list(JdbcSelectExecutor.java:65) ~[hibernate-core-6.5.2.Final.jar:6.5.2.Final]
	at org.hibernate.query.sqm.internal.ConcreteSqmSelectQueryPlan.lambda$new$2(ConcreteSqmSelectQueryPlan.java:139) ~[hibernate-core-6.5.2.Final.jar:6.5.2.Final]
	at org.hibernate.query.sqm.internal.ConcreteSqmSelectQueryPlan.withCacheableSqmInterpretation(ConcreteSqmSelectQueryPlan.java:382) ~[hibernate-core-6.5.2.Final.jar:6.5.2.Final]
	at org.hibernate.query.sqm.internal.ConcreteSqmSelectQueryPlan.performList(ConcreteSqmSelectQueryPlan.java:302) ~[hibernate-core-6.5.2.Final.jar:6.5.2.Final]
	at org.hibernate.query.sqm.internal.QuerySqmImpl.doList(QuerySqmImpl.java:526) ~[hibernate-core-6.5.2.Final.jar:6.5.2.Final]
	at org.hibernate.query.spi.AbstractSelectionQuery.list(AbstractSelectionQuery.java:423) ~[hibernate-core-6.5.2.Final.jar:6.5.2.Final]
	at org.hibernate.query.spi.AbstractSelectionQuery.getSingleResult(AbstractSelectionQuery.java:555) ~[hibernate-core-6.5.2.Final.jar:6.5.2.Final]
	at org.springframework.data.jpa.repository.query.JpaQueryExecution$SingleEntityExecution.doExecute(JpaQueryExecution.java:223) ~[spring-data-jpa-3.3.3.jar:3.3.3]
	at org.springframework.data.jpa.repository.query.JpaQueryExecution.execute(JpaQueryExecution.java:92) ~[spring-data-jpa-3.3.3.jar:3.3.3]
	at org.springframework.data.jpa.repository.query.AbstractJpaQuery.doExecute(AbstractJpaQuery.java:152) ~[spring-data-jpa-3.3.3.jar:3.3.3]
	at org.springframework.data.jpa.repository.query.AbstractJpaQuery.execute(AbstractJpaQuery.java:140) ~[spring-data-jpa-3.3.3.jar:3.3.3]
	at org.springframework.data.repository.core.support.RepositoryMethodInvoker.doInvoke(RepositoryMethodInvoker.java:170) ~[spring-data-commons-3.3.3.jar:3.3.3]
	at org.springframework.data.repository.core.support.RepositoryMethodInvoker.invoke(RepositoryMethodInvoker.java:158) ~[spring-data-commons-3.3.3.jar:3.3.3]
	at org.springframework.data.repository.core.support.QueryExecutorMethodInterceptor.doInvoke(QueryExecutorMethodInterceptor.java:169) ~[spring-data-commons-3.3.3.jar:3.3.3]
	at org.springframework.data.repository.core.support.QueryExecutorMethodInterceptor.invoke(QueryExecutorMethodInterceptor.java:148) ~[spring-data-commons-3.3.3.jar:3.3.3]
	at org.springframework.aop.framework.ReflectiveMethodInvocation.proceed(ReflectiveMethodInvocation.java:184) ~[spring-aop-6.1.12.jar:6.1.12]
	at org.springframework.data.projection.DefaultMethodInvokingMethodInterceptor.invoke(DefaultMethodInvokingMethodInterceptor.java:70) ~[spring-data-commons-3.3.3.jar:3.3.3]
	at org.springframework.aop.framework.ReflectiveMethodInvocation.proceed(ReflectiveMethodInvocation.java:184) ~[spring-aop-6.1.12.jar:6.1.12]
	at org.springframework.transaction.interceptor.TransactionAspectSupport.invokeWithinTransaction(TransactionAspectSupport.java:379) ~[spring-tx-6.1.12.jar:6.1.12]
	at org.springframework.transaction.interceptor.TransactionInterceptor.invoke(TransactionInterceptor.java:119) ~[spring-tx-6.1.12.jar:6.1.12]
	at org.springframework.aop.framework.ReflectiveMethodInvocation.proceed(ReflectiveMethodInvocation.java:184) ~[spring-aop-6.1.12.jar:6.1.12]
	at org.springframework.dao.support.PersistenceExceptionTranslationInterceptor.invoke(PersistenceExceptionTranslationInterceptor.java:138) ~[spring-tx-6.1.12.jar:6.1.12]
	at org.springframework.aop.framework.ReflectiveMethodInvocation.proceed(ReflectiveMethodInvocation.java:184) ~[spring-aop-6.1.12.jar:6.1.12]
	at org.springframework.data.jpa.repository.support.CrudMethodMetadataPostProcessor$CrudMethodMetadataPopulatingMethodInterceptor.invoke(CrudMethodMetadataPostProcessor.java:136) ~[spring-data-jpa-3.3.3.jar:3.3.3]
	at org.springframework.aop.framework.ReflectiveMethodInvocation.proceed(ReflectiveMethodInvocation.java:184) ~[spring-aop-6.1.12.jar:6.1.12]
	at org.springframework.aop.interceptor.ExposeInvocationInterceptor.invoke(ExposeInvocationInterceptor.java:97) ~[spring-aop-6.1.12.jar:6.1.12]
	at org.springframework.aop.framework.ReflectiveMethodInvocation.proceed(ReflectiveMethodInvocation.java:184) ~[spring-aop-6.1.12.jar:6.1.12]
	at org.springframework.aop.framework.JdkDynamicAopProxy.invoke(JdkDynamicAopProxy.java:223) ~[spring-aop-6.1.12.jar:6.1.12]
	at jdk.proxy2/jdk.proxy2.$Proxy141.findByEmail(Unknown Source) ~[na:na]
	at com.example.usermanagement.service.OrganisationService.addSuperUser(OrganisationService.java:72) ~[classes/:na]
	at java.base/jdk.internal.reflect.NativeMethodAccessorImpl.invoke0(Native Method) ~[na:na]
	at java.base/jdk.internal.reflect.NativeMethodAccessorImpl.invoke(NativeMethodAccessorImpl.java:77) ~[na:na]
	at java.base/jdk.internal.reflect.DelegatingMethodAccessorImpl.invoke(DelegatingMethodAccessorImpl.java:43) ~[na:na]
	at java.base/java.lang.reflect.Method.invoke(Method.java:568) ~[na:na]
	at org.springframework.aop.support.AopUtils.invokeJoinpointUsingReflection(AopUtils.java:355) ~[spring-aop-6.1.12.jar:6.1.12]
	at org.springframework.aop.framework.ReflectiveMethodInvocation.invokeJoinpoint(ReflectiveMethodInvocation.java:196) ~[spring-aop-6.1.12.jar:6.1.12]
	at org.springframework.aop.framework.ReflectiveMethodInvocation.proceed(ReflectiveMethodInvocation.java:163) ~[spring-aop-6.1.12.jar:6.1.12]
	at org.springframework.aop.framework.CglibAopProxy$CglibMethodInvocation.proceed(CglibAopProxy.java:768) ~[spring-aop-6.1.12.jar:6.1.12]
	at org.springframework.transaction.interceptor.TransactionAspectSupport.invokeWithinTransaction(TransactionAspectSupport.java:379) ~[spring-tx-6.1.12.jar:6.1.12]
	at org.springframework.transaction.interceptor.TransactionInterceptor.invoke(TransactionInterceptor.java:119) ~[spring-tx-6.1.12.jar:6.1.12]
	at org.springframework.aop.framework.ReflectiveMethodInvocation.proceed(ReflectiveMethodInvocation.java:184) ~[spring-aop-6.1.12.jar:6.1.12]
	at org.springframework.aop.framework.CglibAopProxy$CglibMethodInvocation.proceed(CglibAopProxy.java:768) ~[spring-aop-6.1.12.jar:6.1.12]
	at org.springframework.aop.framework.CglibAopProxy$DynamicAdvisedInterceptor.intercept(CglibAopProxy.java:720) ~[spring-aop-6.1.12.jar:6.1.12]
	at com.example.usermanagement.service.OrganisationService$$SpringCGLIB$$0.addSuperUser(<generated>) ~[classes/:na]
	at com.example.usermanagement.controller.OrganisationController.addSuperUser(OrganisationController.java:59) ~[classes/:na]
	at java.base/jdk.internal.reflect.NativeMethodAccessorImpl.invoke0(Native Method) ~[na:na]
	at java.base/jdk.internal.reflect.NativeMethodAccessorImpl.invoke(NativeMethodAccessorImpl.java:77) ~[na:na]
	at java.base/jdk.internal.reflect.DelegatingMethodAccessorImpl.invoke(DelegatingMethodAccessorImpl.java:43) ~[na:na]
	at java.base/java.lang.reflect.Method.invoke(Method.java:568) ~[na:na]
	at org.springframework.web.method.support.InvocableHandlerMethod.doInvoke(InvocableHandlerMethod.java:255) ~[spring-web-6.1.12.jar:6.1.12]
	at org.springframework.web.method.support.InvocableHandlerMethod.invokeForRequest(InvocableHandlerMethod.java:188) ~[spring-web-6.1.12.jar:6.1.12]
	at org.springframework.web.servlet.mvc.method.annotation.ServletInvocableHandlerMethod.invokeAndHandle(ServletInvocableHandlerMethod.java:118) ~[spring-webmvc-6.1.12.jar:6.1.12]
	at org.springframework.web.servlet.mvc.method.annotation.RequestMappingHandlerAdapter.invokeHandlerMethod(RequestMappingHandlerAdapter.java:926) ~[spring-webmvc-6.1.12.jar:6.1.12]
	at org.springframework.web.servlet.mvc.method.annotation.RequestMappingHandlerAdapter.handleInternal(RequestMappingHandlerAdapter.java:831) ~[spring-webmvc-6.1.12.jar:6.1.12]
	at org.springframework.web.servlet.mvc.method.AbstractHandlerMethodAdapter.handle(AbstractHandlerMethodAdapter.java:87) ~[spring-webmvc-6.1.12.jar:6.1.12]
	at org.springframework.web.servlet.DispatcherServlet.doDispatch(DispatcherServlet.java:1089) ~[spring-webmvc-6.1.12.jar:6.1.12]
	at org.springframework.web.servlet.DispatcherServlet.doService(DispatcherServlet.java:979) ~[spring-webmvc-6.1.12.jar:6.1.12]
	at org.springframework.web.servlet.FrameworkServlet.processRequest(FrameworkServlet.java:1014) ~[spring-webmvc-6.1.12.jar:6.1.12]
	at org.springframework.web.servlet.FrameworkServlet.doPost(FrameworkServlet.java:914) ~[spring-webmvc-6.1.12.jar:6.1.12]
	at jakarta.servlet.http.HttpServlet.service(HttpServlet.java:590) ~[tomcat-embed-core-10.1.28.jar:6.0]
	at org.springframework.web.servlet.FrameworkServlet.service(FrameworkServlet.java:885) ~[spring-webmvc-6.1.12.jar:6.1.12]
	at jakarta.servlet.http.HttpServlet.service(HttpServlet.java:658) ~[tomcat-embed-core-10.1.28.jar:6.0]
	at org.apache.catalina.core.ApplicationFilterChain.internalDoFilter(ApplicationFilterChain.java:195) ~[tomcat-embed-core-10.1.28.jar:10.1.28]
	at org.apache.catalina.core.ApplicationFilterChain.doFilter(ApplicationFilterChain.java:140) ~[tomcat-embed-core-10.1.28.jar:10.1.28]
	at org.apache.tomcat.websocket.server.WsFilter.doFilter(WsFilter.java:51) ~[tomcat-embed-websocket-10.1.28.jar:10.1.28]
	at org.apache.catalina.core.ApplicationFilterChain.internalDoFilter(ApplicationFilterChain.java:164) ~[tomcat-embed-core-10.1.28.jar:10.1.28]
	at org.apache.catalina.core.ApplicationFilterChain.doFilter(ApplicationFilterChain.java:140) ~[tomcat-embed-core-10.1.28.jar:10.1.28]
	at org.springframework.web.filter.CompositeFilter$VirtualFilterChain.doFilter(CompositeFilter.java:108) ~[spring-web-6.1.12.jar:6.1.12]
	at org.springframework.security.web.FilterChainProxy.lambda$doFilterInternal$3(FilterChainProxy.java:231) ~[spring-security-web-6.3.3.jar:6.3.3]
	at org.springframework.security.web.FilterChainProxy$VirtualFilterChain.doFilter(FilterChainProxy.java:365) ~[spring-security-web-6.3.3.jar:6.3.3]
	at org.springframework.security.web.access.intercept.AuthorizationFilter.doFilter(AuthorizationFilter.java:100) ~[spring-security-web-6.3.3.jar:6.3.3]
	at org.springframework.security.web.FilterChainProxy$VirtualFilterChain.doFilter(FilterChainProxy.java:374) ~[spring-security-web-6.3.3.jar:6.3.3]
	at org.springframework.security.web.access.ExceptionTranslationFilter.doFilter(ExceptionTranslationFilter.java:126) ~[spring-security-web-6.3.3.jar:6.3.3]
	at org.springframework.security.web.access.ExceptionTranslationFilter.doFilter(ExceptionTranslationFilter.java:120) ~[spring-security-web-6.3.3.jar:6.3.3]
	at org.springframework.security.web.FilterChainProxy$VirtualFilterChain.doFilter(FilterChainProxy.java:374) ~[spring-security-web-6.3.3.jar:6.3.3]
	at org.springframework.security.web.authentication.AnonymousAuthenticationFilter.doFilter(AnonymousAuthenticationFilter.java:100) ~[spring-security-web-6.3.3.jar:6.3.3]
	at org.springframework.security.web.FilterChainProxy$VirtualFilterChain.doFilter(FilterChainProxy.java:374) ~[spring-security-web-6.3.3.jar:6.3.3]
	at org.springframework.security.web.servletapi.SecurityContextHolderAwareRequestFilter.doFilter(SecurityContextHolderAwareRequestFilter.java:179) ~[spring-security-web-6.3.3.jar:6.3.3]
	at org.springframework.security.web.FilterChainProxy$VirtualFilterChain.doFilter(FilterChainProxy.java:374) ~[spring-security-web-6.3.3.jar:6.3.3]
	at org.springframework.security.web.savedrequest.RequestCacheAwareFilter.doFilter(RequestCacheAwareFilter.java:63) ~[spring-security-web-6.3.3.jar:6.3.3]
	at org.springframework.security.web.FilterChainProxy$VirtualFilterChain.doFilter(FilterChainProxy.java:374) ~[spring-security-web-6.3.3.jar:6.3.3]
	at org.springframework.security.web.authentication.logout.LogoutFilter.doFilter(LogoutFilter.java:107) ~[spring-security-web-6.3.3.jar:6.3.3]
	at org.springframework.security.web.authentication.logout.LogoutFilter.doFilter(LogoutFilter.java:93) ~[spring-security-web-6.3.3.jar:6.3.3]
	at org.springframework.security.web.FilterChainProxy$VirtualFilterChain.doFilter(FilterChainProxy.java:374) ~[spring-security-web-6.3.3.jar:6.3.3]
	at org.springframework.security.web.header.HeaderWriterFilter.doHeadersAfter(HeaderWriterFilter.java:90) ~[spring-security-web-6.3.3.jar:6.3.3]
	at org.springframework.security.web.header.HeaderWriterFilter.doFilterInternal(HeaderWriterFilter.java:75) ~[spring-security-web-6.3.3.jar:6.3.3]
	at org.springframework.web.filter.OncePerRequestFilter.doFilter(OncePerRequestFilter.java:116) ~[spring-web-6.1.12.jar:6.1.12]
	at org.springframework.security.web.FilterChainProxy$VirtualFilterChain.doFilter(FilterChainProxy.java:374) ~[spring-security-web-6.3.3.jar:6.3.3]
	at org.springframework.security.web.context.SecurityContextHolderFilter.doFilter(SecurityContextHolderFilter.java:82) ~[spring-security-web-6.3.3.jar:6.3.3]
	at org.springframework.security.web.context.SecurityContextHolderFilter.doFilter(SecurityContextHolderFilter.java:69) ~[spring-security-web-6.3.3.jar:6.3.3]
	at org.springframework.security.web.FilterChainProxy$VirtualFilterChain.doFilter(FilterChainProxy.java:374) ~[spring-security-web-6.3.3.jar:6.3.3]
	at org.springframework.security.web.context.request.async.WebAsyncManagerIntegrationFilter.doFilterInternal(WebAsyncManagerIntegrationFilter.java:62) ~[spring-security-web-6.3.3.jar:6.3.3]
	at org.springframework.web.filter.OncePerRequestFilter.doFilter(OncePerRequestFilter.java:116) ~[spring-web-6.1.12.jar:6.1.12]
	at org.springframework.security.web.FilterChainProxy$VirtualFilterChain.doFilter(FilterChainProxy.java:374) ~[spring-security-web-6.3.3.jar:6.3.3]
	at org.springframework.security.web.session.DisableEncodeUrlFilter.doFilterInternal(DisableEncodeUrlFilter.java:42) ~[spring-security-web-6.3.3.jar:6.3.3]
	at org.springframework.web.filter.OncePerRequestFilter.doFilter(OncePerRequestFilter.java:116) ~[spring-web-6.1.12.jar:6.1.12]
	at org.springframework.security.web.FilterChainProxy$VirtualFilterChain.doFilter(FilterChainProxy.java:374) ~[spring-security-web-6.3.3.jar:6.3.3]
	at org.springframework.security.web.FilterChainProxy.doFilterInternal(FilterChainProxy.java:233) ~[spring-security-web-6.3.3.jar:6.3.3]
	at org.springframework.security.web.FilterChainProxy.doFilter(FilterChainProxy.java:191) ~[spring-security-web-6.3.3.jar:6.3.3]
	at org.springframework.web.filter.CompositeFilter$VirtualFilterChain.doFilter(CompositeFilter.java:113) ~[spring-web-6.1.12.jar:6.1.12]
	at org.springframework.web.servlet.handler.HandlerMappingIntrospector.lambda$createCacheFilter$3(HandlerMappingIntrospector.java:195) ~[spring-webmvc-6.1.12.jar:6.1.12]
	at org.springframework.web.filter.CompositeFilter$VirtualFilterChain.doFilter(CompositeFilter.java:113) ~[spring-web-6.1.12.jar:6.1.12]
	at org.springframework.web.filter.CompositeFilter.doFilter(CompositeFilter.java:74) ~[spring-web-6.1.12.jar:6.1.12]
	at org.springframework.security.config.annotation.web.configuration.WebMvcSecurityConfiguration$CompositeFilterChainProxy.doFilter(WebMvcSecurityConfiguration.java:230) ~[spring-security-config-6.3.3.jar:6.3.3]
	at org.springframework.web.filter.DelegatingFilterProxy.invokeDelegate(DelegatingFilterProxy.java:352) ~[spring-web-6.1.12.jar:6.1.12]
	at org.springframework.web.filter.DelegatingFilterProxy.doFilter(DelegatingFilterProxy.java:268) ~[spring-web-6.1.12.jar:6.1.12]
	at org.apache.catalina.core.ApplicationFilterChain.internalDoFilter(ApplicationFilterChain.java:164) ~[tomcat-embed-core-10.1.28.jar:10.1.28]
	at org.apache.catalina.core.ApplicationFilterChain.doFilter(ApplicationFilterChain.java:140) ~[tomcat-embed-core-10.1.28.jar:10.1.28]
	at org.springframework.web.filter.RequestContextFilter.doFilterInternal(RequestContextFilter.java:100) ~[spring-web-6.1.12.jar:6.1.12]
	at org.springframework.web.filter.OncePerRequestFilter.doFilter(OncePerRequestFilter.java:116) ~[spring-web-6.1.12.jar:6.1.12]
	at org.apache.catalina.core.ApplicationFilterChain.internalDoFilter(ApplicationFilterChain.java:164) ~[tomcat-embed-core-10.1.28.jar:10.1.28]
	at org.apache.catalina.core.ApplicationFilterChain.doFilter(ApplicationFilterChain.java:140) ~[tomcat-embed-core-10.1.28.jar:10.1.28]
	at org.springframework.web.filter.FormContentFilter.doFilterInternal(FormContentFilter.java:93) ~[spring-web-6.1.12.jar:6.1.12]
	at org.springframework.web.filter.OncePerRequestFilter.doFilter(OncePerRequestFilter.java:116) ~[spring-web-6.1.12.jar:6.1.12]
	at org.apache.catalina.core.ApplicationFilterChain.internalDoFilter(ApplicationFilterChain.java:164) ~[tomcat-embed-core-10.1.28.jar:10.1.28]
	at org.apache.catalina.core.ApplicationFilterChain.doFilter(ApplicationFilterChain.java:140) ~[tomcat-embed-core-10.1.28.jar:10.1.28]
	at org.springframework.web.filter.CharacterEncodingFilter.doFilterInternal(CharacterEncodingFilter.java:201) ~[spring-web-6.1.12.jar:6.1.12]
	at org.springframework.web.filter.OncePerRequestFilter.doFilter(OncePerRequestFilter.java:116) ~[spring-web-6.1.12.jar:6.1.12]
	at org.apache.catalina.core.ApplicationFilterChain.internalDoFilter(ApplicationFilterChain.java:164) ~[tomcat-embed-core-10.1.28.jar:10.1.28]
	at org.apache.catalina.core.ApplicationFilterChain.doFilter(ApplicationFilterChain.java:140) ~[tomcat-embed-core-10.1.28.jar:10.1.28]
	at org.apache.catalina.core.StandardWrapperValve.invoke(StandardWrapperValve.java:167) ~[tomcat-embed-core-10.1.28.jar:10.1.28]
	at org.apache.catalina.core.StandardContextValve.invoke(StandardContextValve.java:90) ~[tomcat-embed-core-10.1.28.jar:10.1.28]
	at org.apache.catalina.authenticator.AuthenticatorBase.invoke(AuthenticatorBase.java:483) ~[tomcat-embed-core-10.1.28.jar:10.1.28]
	at org.apache.catalina.core.StandardHostValve.invoke(StandardHostValve.java:115) ~[tomcat-embed-core-10.1.28.jar:10.1.28]
	at org.apache.catalina.valves.ErrorReportValve.invoke(ErrorReportValve.java:93) ~[tomcat-embed-core-10.1.28.jar:10.1.28]
	at org.apache.catalina.core.StandardEngineValve.invoke(StandardEngineValve.java:74) ~[tomcat-embed-core-10.1.28.jar:10.1.28]
	at org.apache.catalina.connector.CoyoteAdapter.service(CoyoteAdapter.java:344) ~[tomcat-embed-core-10.1.28.jar:10.1.28]
	at org.apache.coyote.http11.Http11Processor.service(Http11Processor.java:384) ~[tomcat-embed-core-10.1.28.jar:10.1.28]
	at org.apache.coyote.AbstractProcessorLight.process(AbstractProcessorLight.java:63) ~[tomcat-embed-core-10.1.28.jar:10.1.28]
	at org.apache.coyote.AbstractProtocol$ConnectionHandler.process(AbstractProtocol.java:904) ~[tomcat-embed-core-10.1.28.jar:10.1.28]
	at org.apache.tomcat.util.net.NioEndpoint$SocketProcessor.doRun(NioEndpoint.java:1741) ~[tomcat-embed-core-10.1.28.jar:10.1.28]
	at org.apache.tomcat.util.net.SocketProcessorBase.run(SocketProcessorBase.java:52) ~[tomcat-embed-core-10.1.28.jar:10.1.28]
	at org.apache.tomcat.util.threads.ThreadPoolExecutor.runWorker(ThreadPoolExecutor.java:1190) ~[tomcat-embed-core-10.1.28.jar:10.1.28]
	at org.apache.tomcat.util.threads.ThreadPoolExecutor$Worker.run(ThreadPoolExecutor.java:659) ~[tomcat-embed-core-10.1.28.jar:10.1.28]
	at org.apache.tomcat.util.threads.TaskThread$WrappingRunnable.run(TaskThread.java:63) ~[tomcat-embed-core-10.1.28.jar:10.1.28]
	at java.base/java.lang.Thread.run(Thread.java:842) ~[na:na]

